,index,year,day,action,I0,I1,I2,I3,I4,reward
0,0,0,0,0,0,0,0,0,0,1300
1,1,0,1,0,0,0,0,0,0,5600
2,2,0,2,0,0,0,0,0,0,5500
3,3,0,3,44,0,0,0,0,53,1000
4,4,0,4,44,0,0,0,9,67,800
5,5,0,5,45,0,0,0,23,22,0
6,6,0,6,1,0,0,0,0,1,600
7,7,0,7,44,0,0,0,0,58,0
8,8,0,8,48,0,0,0,14,34,800
9,9,0,9,30,0,0,0,0,30,2200
10,10,0,10,44,0,0,0,0,46,0
11,11,0,11,27,0,0,0,2,25,2600
12,12,0,12,44,0,0,0,0,53,2200
13,13,0,13,63,0,0,0,9,54,0
14,14,0,14,32,0,0,0,0,32,0
15,15,0,15,29,0,0,0,0,29,900
16,16,0,16,44,0,0,0,0,46,4000
17,17,0,17,14,0,0,0,2,12,4200
18,18,0,18,28,0,0,0,0,28,1200
19,19,0,19,26,0,0,0,0,26,600
20,20,0,20,40,0,0,0,0,40,0
21,21,0,21,31,0,0,0,0,31,0
22,22,0,22,44,0,0,0,0,57,2100
23,23,0,23,45,0,0,0,13,32,1500
24,24,0,24,38,0,0,0,0,38,1300
25,25,0,25,44,0,0,0,0,62,2800
26,26,0,26,77,0,0,0,18,63,0
27,27,0,27,29,0,0,0,0,29,0
28,28,0,28,44,0,0,0,0,46,0
29,29,0,29,44,0,0,0,2,61,0
30,30,0,30,69,0,0,0,17,52,0
31,31,0,31,10,0,0,0,0,10,4100
32,32,0,32,32,0,0,0,0,32,500
33,33,0,33,16,0,0,0,0,16,2400
34,34,0,34,44,0,0,0,0,52,0
35,35,0,35,49,0,0,0,8,41,0
36,36,0,36,0,0,0,0,0,0,5100
37,37,0,37,10,0,0,0,0,10,3500
38,38,0,38,44,0,0,0,0,67,3700
39,39,0,39,49,0,0,0,23,26,3400
40,40,0,40,17,0,0,0,0,17,1800
41,41,0,41,35,0,0,0,0,35,0
42,42,0,42,43,0,0,0,0,43,0
43,43,0,43,44,0,0,0,0,66,600
44,44,0,44,55,0,0,0,22,33,900
45,45,0,45,32,0,0,0,0,32,0
46,46,0,46,44,0,0,0,0,45,0
47,47,0,47,44,0,0,0,1,45,1700
48,48,0,48,44,0,0,0,1,56,0
49,49,0,49,55,0,0,0,12,43,0
50,50,0,50,25,0,0,0,0,25,2900
51,51,0,51,10,0,0,0,0,10,5400
52,52,0,52,24,0,0,0,0,24,3000
53,53,0,53,47,0,0,0,0,47,1200
54,54,0,54,19,0,0,0,0,19,4500
55,55,0,55,0,0,0,0,0,0,600
56,56,0,56,10,0,0,0,0,10,300
57,57,0,57,34,0,0,0,0,34,0
58,58,0,58,0,0,0,0,0,0,7000
59,59,0,59,53,0,0,0,0,53,0
60,60,0,60,18,0,0,0,0,30,3300
61,61,0,61,27,0,0,0,12,69,1700
62,62,0,62,57,0,0,0,42,49,0
63,63,0,63,27,0,0,0,0,94,0
64,64,0,64,57,0,0,0,67,84,0
65,65,0,65,27,0,0,10,27,95,5600
66,66,0,66,57,0,0,0,78,82,1700
67,67,0,67,27,0,0,21,25,65,2600
68,68,0,68,57,0,0,0,59,82,0
69,69,0,69,27,0,0,2,25,99,0
70,70,0,70,97,0,0,0,74,67,0
71,71,0,71,52,0,0,0,0,70,1100
72,72,0,72,41,0,0,0,18,23,800
73,73,0,73,5,0,0,0,0,44,2700
74,74,0,74,5,0,0,0,39,98,8100
75,75,0,75,48,0,0,34,93,58,0
76,76,0,76,5,0,0,45,44,109,0
77,77,0,77,48,0,40,39,109,105,0
78,78,0,78,83,0,0,101,105,77,0
79,79,0,79,19,0,18,22,77,86,3500
80,80,0,80,19,0,3,76,86,95,2100
81,81,0,81,66,0,57,70,95,84,0
82,82,0,82,66,0,4,86,84,68,0
83,83,0,83,66,0,20,22,68,91,0
84,84,0,84,66,0,0,22,67,113,0
85,85,0,85,95,0,0,1,69,60,0
86,86,0,86,57,0,0,0,0,82,0
87,87,0,87,46,0,0,0,25,21,2500
88,88,0,88,32,0,0,0,0,32,1800
89,89,0,89,31,0,0,0,0,31,2400
90,90,0,90,36,0,0,0,0,36,0
91,91,0,91,56,0,0,0,0,56,0
92,92,0,92,0,0,0,0,0,0,6300
93,93,0,93,0,0,0,0,0,0,6600
94,94,0,94,26,0,0,0,0,84,2400
95,95,0,95,91,0,0,0,58,67,0
96,96,0,96,21,0,0,0,0,21,2700
97,97,0,97,0,0,0,0,0,0,400
98,98,0,98,57,0,0,0,0,57,0
99,99,0,99,3,0,0,0,0,3,4500
100,100,0,100,28,0,0,0,0,28,3000
101,101,0,101,27,0,0,0,0,27,700
102,102,0,102,32,0,0,0,0,32,1500
103,103,0,103,28,0,0,0,0,28,1800
104,104,0,104,8,0,0,0,0,8,0
105,105,0,105,26,0,0,0,0,26,0
106,106,0,106,0,0,0,0,0,3,6300
107,107,0,107,90,0,0,0,3,89,0
108,108,0,108,0,0,0,0,0,0,5200
109,109,0,109,27,0,0,0,0,27,1000
110,110,0,110,0,0,0,0,0,0,5300
111,111,0,111,7,0,0,0,0,7,0
112,112,0,112,3,0,0,0,0,31,1000
113,113,0,113,78,0,0,0,28,90,0
114,114,0,114,4,0,0,0,12,27,6400
115,115,0,115,4,0,0,8,23,68,2800
116,116,0,116,72,0,4,19,68,82,0
117,117,0,117,72,0,0,0,33,74,0
118,118,0,118,62,0,0,0,2,60,0
119,119,0,119,26,0,0,0,0,26,0
120,120,0,120,20,0,0,0,0,20,1800
121,121,0,121,5,0,0,0,0,5,5500
122,122,0,122,17,0,0,0,0,17,1800
123,123,0,123,11,0,0,0,0,11,4400
124,124,0,124,0,0,0,0,0,0,4500
125,125,0,125,10,0,0,0,0,10,0
126,126,0,126,45,0,0,0,0,45,0
127,127,0,127,36,0,0,0,0,36,0
128,128,0,128,17,0,0,0,0,17,3200
129,129,0,129,24,0,0,0,0,24,1000
130,130,0,130,15,0,0,0,0,15,6000
131,131,0,131,24,0,0,0,0,24,2500
132,132,0,132,21,0,0,0,0,21,0
133,133,0,133,5,0,0,0,0,5,1100
134,134,0,134,0,0,0,0,0,0,4900
135,135,0,135,10,0,0,0,0,10,4000
136,136,0,136,30,0,0,0,0,30,3700
137,137,0,137,48,0,0,0,0,48,600
138,138,0,138,7,0,0,0,0,7,3200
139,139,0,139,41,0,0,0,0,41,0
140,140,0,140,0,0,0,0,0,0,2000
141,141,0,141,40,0,0,0,0,69,0
142,142,0,142,40,0,0,0,29,49,1600
143,143,0,143,40,0,0,0,9,92,1100
144,144,0,144,40,0,0,0,52,35,0
145,145,0,145,40,0,0,12,0,81,1000
146,146,0,146,40,0,0,0,53,84,0
147,147,0,147,72,0,0,13,44,82,0
148,148,0,148,72,0,0,0,23,80,0
149,149,0,149,43,0,0,0,8,35,1300
150,150,0,150,33,0,0,0,0,33,1100
151,151,0,151,43,0,0,0,0,43,0
152,152,0,152,30,0,0,0,0,30,1500
153,153,0,153,16,0,0,0,0,40,0
154,154,0,154,16,0,0,0,24,94,0
155,155,0,155,16,0,0,8,78,85,1600
156,156,0,156,16,0,0,62,77,87,4100
157,157,0,157,16,0,46,61,87,66,1800
158,158,0,158,72,30,45,87,66,103,150
159,159,0,159,72,0,45,66,103,98,0
160,160,0,160,72,0,0,76,98,89,0
161,161,0,161,53,0,4,26,89,68,0
162,162,0,162,5,0,0,40,45,60,3500
163,163,0,163,5,0,35,40,60,65,5500
164,164,0,164,90,30,35,60,65,102,150
165,165,0,165,68,0,0,40,102,91,0
166,166,0,166,68,0,0,34,63,69,0
167,167,0,167,72,0,0,0,35,87,0
168,168,0,168,6,0,0,0,15,31,1100
169,169,0,169,88,0,0,9,25,108,0
170,170,0,170,43,0,0,0,29,14,3100
171,171,0,171,26,0,0,0,0,26,3900
172,172,0,172,28,0,0,0,0,28,2600
173,173,0,173,45,0,0,0,0,45,0
174,174,0,174,46,0,0,0,0,46,0
175,175,0,175,18,0,0,0,0,18,0
176,176,0,176,2,0,0,0,0,2,2400
177,177,0,177,2,0,0,0,0,2,4300
178,178,0,178,10,0,0,0,0,49,4500
179,179,0,179,31,0,0,0,39,94,1700
180,180,0,180,31,0,0,8,63,100,1300
181,181,0,181,53,0,0,32,77,79,0
182,182,0,182,20,0,0,24,58,93,400
183,183,0,183,7,0,4,38,93,115,2500
184,184,0,184,68,0,31,90,115,91,0
185,185,0,185,68,0,22,78,91,107,0
186,186,0,186,72,0,10,45,107,105,0
187,187,0,187,72,0,0,45,88,83,0
188,188,0,188,53,0,0,16,56,90,0
189,189,0,189,68,0,0,3,53,95,0
190,190,0,190,53,0,0,0,30,62,0
191,191,0,191,45,0,0,0,9,68,2000
192,192,0,192,47,0,0,0,23,24,0
193,193,0,193,23,0,0,0,0,23,5700
194,194,0,194,2,0,0,0,0,2,5600
195,195,0,195,0,0,0,0,0,0,400
196,196,0,196,43,0,0,0,0,43,0
197,197,0,197,52,0,0,0,0,52,0
198,198,0,198,42,0,0,0,0,42,2000
199,199,0,199,37,0,0,0,0,37,0
200,200,0,200,3,0,0,0,0,3,4000
201,201,0,201,0,0,0,0,0,0,5500
202,202,0,202,43,0,0,0,0,43,0
203,203,0,203,34,0,0,0,0,34,0
204,204,0,204,37,0,0,0,0,37,1000
205,205,0,205,0,0,0,0,0,0,5800
206,206,0,206,17,0,0,0,0,17,1800
207,207,0,207,0,0,0,0,0,0,6700
208,208,0,208,24,0,0,0,0,24,2300
209,209,0,209,3,0,0,0,0,3,300
210,210,0,210,25,0,0,0,0,25,0
211,211,0,211,33,0,0,0,0,33,600
212,212,0,212,10,0,0,0,0,10,3100
213,213,0,213,0,0,0,0,0,0,3800
214,214,0,214,13,0,0,0,0,13,6100
215,215,0,215,1,0,0,0,0,1,4300
216,216,0,216,14,0,0,0,0,14,0
217,217,0,217,0,0,0,0,0,0,1600
218,218,0,218,11,0,0,0,0,11,4100
219,219,0,219,0,0,0,0,0,0,7300
220,220,0,220,30,0,0,0,0,30,700
221,221,0,221,17,0,0,0,0,17,1400
222,222,0,222,10,0,0,0,0,10,2400
223,223,0,223,10,0,0,0,0,10,0
224,224,0,224,21,0,0,0,0,21,0
225,225,0,225,37,0,0,0,0,37,1400
226,226,0,226,21,0,0,0,0,21,5300
227,227,0,227,23,0,0,0,0,23,2700
228,228,0,228,11,0,0,0,0,11,4300
229,229,0,229,0,0,0,0,0,0,3800
230,230,0,230,25,0,0,0,0,25,0
231,231,0,231,36,0,0,0,0,36,0
232,232,0,232,9,0,0,0,0,9,3600
233,233,0,233,32,0,0,0,0,32,1000
234,234,0,234,46,0,0,0,0,46,2100
235,235,0,235,17,0,0,0,0,17,3100
236,236,0,236,18,0,0,0,0,18,3500
237,237,0,237,33,0,0,0,0,33,0
238,238,0,238,0,0,0,0,0,0,1100
239,239,0,239,19,0,0,0,0,19,5400
240,240,0,240,0,0,0,0,0,0,8200
241,241,0,241,21,0,0,0,0,21,2100
242,242,0,242,25,0,0,0,0,25,3100
243,243,0,243,8,0,0,0,0,8,3300
244,244,0,244,69,0,0,0,0,75,0
245,245,0,245,14,0,0,0,6,17,700
246,246,0,246,27,0,0,0,3,53,1400
247,247,0,247,69,0,0,0,26,74,0
248,248,0,248,27,0,0,0,5,22,600
249,249,0,249,0,0,0,0,0,0,4400
250,250,0,250,6,0,0,0,0,6,4400
251,251,0,251,0,0,0,0,0,0,600
252,252,0,252,13,0,0,0,0,13,0
253,253,0,253,24,0,0,0,0,24,1600
254,254,0,254,1,0,0,0,0,1,6400
255,255,0,255,0,0,0,0,0,0,4900
256,256,0,256,0,0,0,0,0,0,5400
257,257,0,257,35,0,0,0,0,35,1600
258,258,0,258,0,0,0,0,0,0,500
259,259,0,259,28,0,0,0,0,28,0
260,260,0,260,0,0,0,0,0,0,4700
261,261,0,261,0,0,0,0,0,0,5200
262,262,0,262,12,0,0,0,0,12,2800
263,263,0,263,39,0,0,0,0,39,600
264,264,0,264,31,0,0,0,0,31,1900
265,265,0,265,21,0,0,0,0,30,0
266,266,0,266,51,0,0,0,9,52,0
267,267,0,267,20,0,0,0,1,19,3100
268,268,0,268,28,0,0,0,0,28,1900
269,269,0,269,42,0,0,0,0,42,1400
270,270,0,270,8,0,0,0,0,24,3700
271,271,0,271,8,0,0,0,16,64,2700
272,272,0,272,70,0,0,8,56,90,0
273,273,0,273,70,0,0,0,28,77,0
274,274,0,274,38,0,0,0,7,31,0
275,275,0,275,49,0,0,0,0,49,0
276,276,0,276,18,0,0,0,0,18,3500
277,277,0,277,21,0,0,0,0,60,5300
278,278,0,278,21,0,0,0,39,75,3100
279,279,0,279,21,0,0,18,54,74,0
280,280,0,280,70,0,0,33,71,101,0
281,281,0,281,70,0,0,1,64,108,0
282,282,0,282,70,0,0,0,39,59,0
283,283,0,283,48,0,0,0,0,48,0
284,284,0,284,0,0,0,0,0,0,5100
285,285,0,285,51,0,0,0,0,51,0
286,286,0,286,9,0,0,0,0,9,0
287,287,0,287,38,0,0,0,0,69,0
288,288,0,288,69,0,0,0,31,65,0
289,289,0,289,42,0,0,0,0,42,4400
290,290,0,290,30,0,0,0,0,30,1700
291,291,0,291,40,0,0,0,0,40,0
292,292,0,292,18,0,0,0,0,18,2000
293,293,0,293,32,0,0,0,0,32,0
294,294,0,294,16,0,0,0,0,16,0
295,295,0,295,8,0,0,0,0,8,3400
296,296,0,296,0,0,0,0,0,0,5900
297,297,0,297,38,0,0,0,0,44,500
298,298,0,298,38,0,0,0,6,51,0
299,299,0,299,38,0,0,0,13,49,0
300,300,0,300,38,0,0,0,11,79,0
301,301,0,301,38,0,0,0,41,69,0
302,302,0,302,38,0,0,3,31,105,2500
303,303,0,303,38,0,0,0,70,62,2900
304,304,0,304,38,0,0,32,24,103,2700
305,305,0,305,70,0,0,0,97,102,0
306,306,0,306,70,0,0,27,32,88,1300
307,307,0,307,70,0,0,0,45,97,0
308,308,0,308,70,0,0,0,27,67,0
309,309,0,309,47,0,0,0,0,47,800
310,310,0,310,23,0,0,0,0,23,3400
311,311,0,311,24,0,0,0,0,24,3900
312,312,0,312,4,0,0,0,0,4,4700
313,313,0,313,25,0,0,0,0,25,2700
314,314,0,314,5,0,0,0,0,5,400
315,315,0,315,49,0,0,0,0,54,0
316,316,0,316,44,0,0,0,5,39,1100
317,317,0,317,49,0,0,0,0,55,1300
318,318,0,318,49,0,0,0,6,53,0
319,319,0,319,28,0,0,0,4,24,2200
320,320,0,320,49,0,0,0,0,49,900
321,321,0,321,15,0,0,0,0,15,0
322,322,0,322,33,0,0,0,0,33,0
323,323,0,323,0,0,0,0,0,0,3400
324,324,0,324,0,0,0,0,0,0,6100
325,325,0,325,12,0,0,0,0,12,4900
326,326,0,326,25,0,0,0,0,25,1200
327,327,0,327,0,0,0,0,0,0,5300
328,328,0,328,13,0,0,0,0,13,0
329,329,0,329,60,0,0,0,0,60,0
330,330,0,330,0,0,0,0,0,0,4200
331,331,0,331,30,0,0,0,0,51,3300
332,332,0,332,30,0,0,0,21,39,0
333,333,0,333,30,0,0,0,9,56,1400
334,334,0,334,30,0,0,0,26,62,0
335,335,0,335,30,0,0,0,32,65,0
336,336,0,336,30,0,0,2,35,76,0
337,337,0,337,30,0,0,5,48,96,300
338,338,0,338,30,0,0,18,71,78,1100
339,339,0,339,30,0,0,41,66,63,900
340,340,0,340,30,0,11,36,63,80,2900
341,341,0,341,30,0,6,44,80,95,1400
342,342,0,342,30,0,14,56,95,111,0
343,343,0,343,30,0,26,79,111,68,0
344,344,0,344,38,0,49,107,68,93,1400
345,345,0,345,38,11,69,68,93,73,2555
346,346,0,346,38,31,41,93,73,103,1655
347,347,0,347,38,3,86,73,103,110,15
348,348,0,348,38,48,38,103,110,83,4140
349,349,0,349,70,0,103,110,83,83,0
350,350,0,350,70,33,40,83,83,61,165
351,351,0,351,70,0,46,83,61,102,0
352,352,0,352,70,0,13,37,102,98,0
353,353,0,353,70,0,0,45,78,85,0
354,354,0,354,70,0,0,8,60,94,0
355,355,0,355,39,0,0,0,32,54,0
356,356,0,356,70,0,0,0,15,85,0
357,357,0,357,53,0,0,0,15,38,0
358,358,0,358,56,0,0,0,0,56,0
359,359,0,359,4,0,0,0,0,4,3800
360,360,0,360,0,0,0,0,0,0,5900
361,361,0,361,17,0,0,0,0,17,2600
362,362,0,362,27,0,0,0,0,27,2600
363,363,0,363,34,0,0,0,0,34,0
364,364,0,364,13,0,0,0,0,13,600
365,365,1,0,0,0,0,0,0,0,1800
366,366,1,1,0,0,0,0,0,0,4200
367,367,1,2,39,0,0,0,0,54,2100
368,368,1,3,39,0,0,0,15,31,800
369,369,1,4,39,0,0,0,0,76,0
370,370,1,5,39,0,0,0,37,50,1200
371,371,1,6,39,0,0,0,11,62,0
372,372,1,7,39,0,0,0,23,75,0
373,373,1,8,38,0,0,0,36,47,1100
374,374,1,9,90,0,0,0,9,83,0
375,375,1,10,12,0,0,0,0,12,3900
376,376,1,11,16,0,0,0,0,16,3200
377,377,1,12,9,0,0,0,0,9,3500
378,378,1,13,44,0,0,0,0,44,0
379,379,1,14,9,0,0,0,0,9,1500
380,380,1,15,11,0,0,0,0,11,2800
381,381,1,16,5,0,0,0,0,5,5800
382,382,1,17,30,0,0,0,0,30,1700
383,383,1,18,66,0,0,0,0,73,0
384,384,1,19,30,0,0,0,7,26,0
385,385,1,20,30,0,0,0,0,59,0
386,386,1,21,70,0,0,0,29,56,0
387,387,1,22,39,0,0,0,0,62,1300
388,388,1,23,39,0,0,0,23,74,3800
389,389,1,24,39,0,0,0,35,65,1800
390,390,1,25,39,0,0,0,26,76,1500
391,391,1,26,70,0,0,0,37,93,0
392,392,1,27,52,0,0,0,23,29,0
393,393,1,28,58,0,0,0,0,58,0
394,394,1,29,27,0,0,0,0,27,4100
395,395,1,30,5,0,0,0,0,5,4500
396,396,1,31,32,0,0,0,0,32,0
397,397,1,32,0,0,0,0,0,0,5200
398,398,1,33,21,0,0,0,0,21,500
399,399,1,34,13,0,0,0,0,13,0
400,400,1,35,23,0,0,0,0,23,0
401,401,1,36,10,0,0,0,0,10,3300
402,402,1,37,9,0,0,0,0,9,5600
403,403,1,38,23,0,0,0,0,23,1600
404,404,1,39,21,0,0,0,0,21,1800
405,405,1,40,30,0,0,0,0,43,0
406,406,1,41,30,0,0,0,13,48,0
407,407,1,42,30,0,0,0,18,76,0
408,408,1,43,30,0,0,0,46,85,3700
409,409,1,44,70,0,0,16,55,76,0
410,410,1,45,70,0,0,0,22,83,0
411,411,1,46,32,0,0,0,13,52,1000
412,412,1,47,32,0,0,0,20,59,2600
413,413,1,48,70,0,0,0,27,78,0
414,414,1,49,24,0,0,0,8,57,500
415,415,1,50,70,0,0,0,33,67,0
416,416,1,51,47,0,0,0,0,47,3100
417,417,1,52,0,0,0,0,0,0,4800
418,418,1,53,10,0,0,0,0,10,4000
419,419,1,54,19,0,0,0,0,19,2700
420,420,1,55,0,0,0,0,0,0,500
421,421,1,56,16,0,0,0,0,16,700
422,422,1,57,22,0,0,0,0,22,2600
423,423,1,58,31,0,0,0,0,31,3100
424,424,1,59,30,0,0,0,0,30,2800
425,425,1,60,12,0,0,0,0,12,2300
426,426,1,61,70,0,0,0,0,78,0
427,427,1,62,8,0,0,0,8,0,200
428,428,1,63,37,0,0,0,0,37,0
429,429,1,64,29,0,0,0,0,29,600
430,430,1,65,38,0,0,0,0,38,2800
431,431,1,66,18,0,0,0,0,18,1000
432,432,1,67,22,0,0,0,0,45,3000
433,433,1,68,22,0,0,0,23,66,2600
434,434,1,69,22,0,0,1,44,93,0
435,435,1,70,22,0,0,22,72,67,0
436,436,1,71,22,0,0,50,67,100,1200
437,437,1,72,70,0,28,45,100,74,2800
438,438,1,73,70,0,0,58,74,86,0
439,439,1,74,70,0,0,4,74,95,0
440,440,1,75,70,0,0,4,29,77,0
441,441,1,76,60,0,0,0,11,49,0
442,442,1,77,0,0,0,0,0,0,1100
443,443,1,78,22,0,0,0,0,22,2200
444,444,1,79,0,0,0,0,0,0,8300
445,445,1,80,29,0,0,0,0,29,2100
446,446,1,81,0,0,0,0,0,0,7300
447,447,1,82,31,0,0,0,0,31,1100
448,448,1,83,0,0,0,0,0,0,600
449,449,1,84,19,0,0,0,0,19,0
450,450,1,85,28,0,0,0,0,28,3300
451,451,1,86,25,0,0,0,0,25,3100
452,452,1,87,4,0,0,0,0,4,2900
453,453,1,88,0,0,0,0,0,0,3400
454,454,1,89,31,0,0,0,0,31,2000
455,455,1,90,15,0,0,0,0,15,0
456,456,1,91,23,0,0,0,0,23,900
457,457,1,92,6,0,0,0,0,6,5700
458,458,1,93,23,0,0,0,0,23,5200
459,459,1,94,41,0,0,0,0,41,1000
460,460,1,95,8,0,0,0,0,8,6300
461,461,1,96,0,0,0,0,0,0,4100
462,462,1,97,0,0,0,0,0,0,600
463,463,1,98,15,0,0,0,0,15,200
464,464,1,99,31,0,0,0,0,31,2300
465,465,1,100,39,0,0,0,0,39,2100
466,466,1,101,20,0,0,0,0,20,2000
467,467,1,102,30,0,0,0,0,46,0
468,468,1,103,30,0,0,0,16,72,2200
469,469,1,104,54,0,0,0,42,58,0
470,470,1,105,54,0,0,0,4,51,0
471,471,1,106,39,0,0,0,0,39,0
472,472,1,107,12,0,0,0,0,12,5100
473,473,1,108,51,0,0,0,0,51,0
474,474,1,109,19,0,0,0,0,19,4500
475,475,1,110,45,0,0,0,0,45,0
476,476,1,111,28,0,0,0,0,28,0
477,477,1,112,40,0,0,0,0,40,0
478,478,1,113,51,0,0,0,0,51,0
479,479,1,114,30,0,0,0,0,30,1800
480,480,1,115,32,0,0,0,0,32,1000
481,481,1,116,54,0,0,0,0,58,1200
482,482,1,117,40,0,0,0,4,36,0
483,483,1,118,21,0,0,0,0,21,0
484,484,1,119,51,0,0,0,0,51,0
485,485,1,120,33,0,0,0,0,33,1500
486,486,1,121,29,0,0,0,0,29,5000
487,487,1,122,3,0,0,0,0,3,5200
488,488,1,123,18,0,0,0,0,18,1300
489,489,1,124,16,0,0,0,0,16,2400
490,490,1,125,41,0,0,0,0,41,0
491,491,1,126,14,0,0,0,0,14,400
492,492,1,127,42,0,0,0,0,42,0
493,493,1,128,33,0,0,0,0,33,8000
494,494,1,129,20,0,0,0,0,20,2400
495,495,1,130,10,0,0,0,0,10,5100
496,496,1,131,50,0,0,0,0,50,0
497,497,1,132,0,0,0,0,0,0,600
498,498,1,133,22,0,0,0,0,22,0
499,499,1,134,30,0,0,0,0,30,1700
500,500,1,135,11,0,0,0,0,11,6600
501,501,1,136,45,0,0,0,0,45,1400
502,502,1,137,20,0,0,0,0,20,1300
503,503,1,138,51,0,0,0,0,51,1300
504,504,1,139,12,0,0,0,0,12,0
505,505,1,140,10,0,0,0,0,10,0
506,506,1,141,53,0,0,0,0,53,0
507,507,1,142,15,0,0,0,0,15,3100
508,508,1,143,35,0,0,0,0,35,2800
509,509,1,144,42,0,0,0,0,42,1600
510,510,1,145,54,0,0,0,0,63,0
511,511,1,146,54,0,0,0,9,51,0
512,512,1,147,16,0,0,0,0,16,0
513,513,1,148,24,0,0,0,0,24,3600
514,514,1,149,34,0,0,0,0,34,600
515,515,1,150,46,0,0,0,0,46,0
516,516,1,151,19,0,0,0,0,19,3200
517,517,1,152,19,0,0,0,0,19,2600
518,518,1,153,23,0,0,0,0,23,0
519,519,1,154,33,0,0,0,0,33,0
520,520,1,155,42,0,0,0,0,42,1400
521,521,1,156,18,0,0,0,0,18,4300
522,522,1,157,54,0,0,0,0,58,2200
523,523,1,158,21,0,0,0,4,17,800
524,524,1,159,35,0,0,0,0,35,800
525,525,1,160,17,0,0,0,0,17,0
526,526,1,161,33,0,0,0,0,68,0
527,527,1,162,33,0,0,0,35,45,1800
528,528,1,163,33,0,0,2,12,77,2200
529,529,1,164,33,0,0,0,46,65,1800
530,530,1,165,33,0,0,13,32,82,2300
531,531,1,166,33,0,0,0,62,69,2700
532,532,1,167,91,0,0,29,36,110,0
533,533,1,168,91,0,0,0,48,45,0
534,534,1,169,60,0,0,0,0,60,0
535,535,1,170,37,0,0,0,0,37,600
536,536,1,171,31,0,0,0,0,31,6000
537,537,1,172,18,0,0,0,0,18,4200
538,538,1,173,0,0,0,0,0,0,5200
539,539,1,174,16,0,0,0,0,16,0
540,540,1,175,13,0,0,0,0,13,0
541,541,1,176,9,0,0,0,0,9,4900
542,542,1,177,0,0,0,0,0,0,5800
543,543,1,178,0,0,0,0,0,0,2500
544,544,1,179,6,0,0,0,0,6,5400
545,545,1,180,7,0,0,0,0,7,3000
546,546,1,181,14,0,0,0,0,14,0
547,547,1,182,5,0,0,0,0,5,500
548,548,1,183,0,0,0,0,0,0,3700
549,549,1,184,34,0,0,0,0,34,3000
550,550,1,185,38,0,0,0,0,38,0
551,551,1,186,17,0,0,0,0,17,2000
552,552,1,187,24,0,0,0,0,24,3000
553,553,1,188,45,0,0,0,0,45,0
554,554,1,189,27,0,0,0,0,27,0
555,555,1,190,25,0,0,0,0,25,2300
556,556,1,191,13,0,0,0,0,24,4400
557,557,1,192,36,0,0,0,11,85,1500
558,558,1,193,46,0,0,0,49,48,0
559,559,1,194,17,0,0,3,2,99,1400
560,560,1,195,23,0,0,0,85,91,0
561,561,1,196,23,0,0,62,68,79,400
562,562,1,197,23,0,39,45,79,65,3000
563,563,1,198,23,16,22,79,65,105,6080
564,564,1,199,23,0,72,65,105,111,1600
565,565,1,200,23,49,42,105,111,84,2245
566,566,1,201,2,19,105,111,84,79,5895
567,567,1,202,91,103,111,84,79,70,515
568,568,1,203,91,20,84,79,70,94,100
569,569,1,204,91,0,8,70,94,68,0
570,570,1,205,91,0,0,11,55,79,0
571,571,1,206,65,0,0,0,0,65,0
572,572,1,207,0,0,0,0,0,0,3500
573,573,1,208,0,0,0,0,0,0,3600
574,574,1,209,24,0,0,0,0,24,0
575,575,1,210,45,0,0,0,0,45,0
576,576,1,211,46,0,0,0,0,72,0
577,577,1,212,46,0,0,0,26,24,1400
578,578,1,213,61,0,0,0,0,61,0
579,579,1,214,0,0,0,0,0,0,6900
580,580,1,215,0,0,0,0,0,0,3300
581,581,1,216,14,0,0,0,0,14,0
582,582,1,217,0,0,0,0,0,0,900
583,583,1,218,0,0,0,0,0,0,6600
584,584,1,219,46,0,0,0,0,47,0
585,585,1,220,15,0,0,0,1,14,700
586,586,1,221,10,0,0,0,0,10,1500
587,587,1,222,46,0,0,0,0,58,3400
588,588,1,223,46,0,0,0,12,61,0
589,589,1,224,46,0,0,0,15,39,0
590,590,1,225,60,0,0,0,0,60,0
591,591,1,226,15,0,0,0,0,15,3700
592,592,1,227,0,0,0,0,0,0,6700
593,593,1,228,0,0,0,0,0,0,4700
594,594,1,229,0,0,0,0,0,0,3100
595,595,1,230,0,0,0,0,0,0,1100
596,596,1,231,0,0,0,0,0,0,1600
597,597,1,232,0,0,0,0,0,0,5000
598,598,1,233,4,0,0,0,0,4,3100
599,599,1,234,2,0,0,0,0,2,3400
600,600,1,235,0,0,0,0,0,0,3100
601,601,1,236,0,0,0,0,0,0,4000
602,602,1,237,1,0,0,0,0,99,600
603,603,1,238,98,0,0,0,98,85,0
604,604,1,239,91,0,0,0,0,114,0
605,605,1,240,25,0,0,0,23,2,2800
606,606,1,241,16,0,0,0,0,16,1200
607,607,1,242,0,0,0,0,0,0,4000
608,608,1,243,24,0,0,0,0,24,1600
609,609,1,244,0,0,0,0,0,0,400
610,610,1,245,0,0,0,0,0,0,1800
611,611,1,246,0,0,0,0,0,0,2800
612,612,1,247,0,0,0,0,0,0,5900
613,613,1,248,0,0,0,0,0,0,6900
614,614,1,249,0,0,0,0,0,0,5100
615,615,1,250,0,0,0,0,0,0,4700
616,616,1,251,16,0,0,0,0,16,0
617,617,1,252,0,0,0,0,0,0,2000
618,618,1,253,37,0,0,0,0,37,1900
619,619,1,254,36,0,0,0,0,36,2000
620,620,1,255,46,0,0,0,0,49,1300
621,621,1,256,44,0,0,0,3,41,2100
622,622,1,257,25,0,0,0,0,25,2000
623,623,1,258,30,0,0,0,0,30,0
624,624,1,259,46,0,0,0,0,56,0
625,625,1,260,46,0,0,0,10,53,0
626,626,1,261,29,0,0,0,7,38,1500
627,627,1,262,29,0,0,0,9,49,1100
628,628,1,263,51,0,0,0,20,31,2100
629,629,1,264,15,0,0,0,0,15,3100
630,630,1,265,1,0,0,0,0,59,500
631,631,1,266,22,0,0,0,58,64,0
632,632,1,267,22,0,0,36,42,92,3200
633,633,1,268,90,0,14,20,92,72,0
634,634,1,269,90,0,0,16,16,68,0
635,635,1,270,0,0,0,0,0,0,6100
636,636,1,271,0,0,0,0,0,0,4500
637,637,1,272,0,0,0,0,0,0,900
638,638,1,273,0,0,0,0,0,0,1400
639,639,1,274,0,0,0,0,0,0,4700
640,640,1,275,17,0,0,0,0,17,3800
641,641,1,276,0,0,0,0,0,0,6800
642,642,1,277,0,0,0,0,0,0,4400
643,643,1,278,0,0,0,0,0,0,8400
644,644,1,279,0,0,0,0,0,0,400
645,645,1,280,8,0,0,0,0,8,200
646,646,1,281,3,0,0,0,0,3,5500
647,647,1,282,2,0,0,0,0,2,5800
648,648,1,283,0,0,0,0,0,0,5800
649,649,1,284,0,0,0,0,0,0,4500
650,650,1,285,5,0,0,0,0,5,4800
651,651,1,286,1,0,0,0,0,85,400
652,652,1,287,42,0,0,0,84,88,0
653,653,1,288,42,0,0,42,46,99,0
654,654,1,289,42,0,0,4,99,81,3900
655,655,1,290,1,0,0,57,43,77,6100
656,656,1,291,40,0,56,42,77,98,1300
657,657,1,292,40,16,2,77,98,81,1980
658,658,1,293,65,0,53,76,81,74,0
659,659,1,294,65,0,11,69,74,94,0
660,660,1,295,65,0,4,20,94,84,0
661,661,1,296,65,0,0,33,43,66,1300
662,662,1,297,65,0,0,0,34,81,0
663,663,1,298,65,0,0,0,16,57,0
664,664,1,299,36,0,0,0,0,36,0
665,665,1,300,45,0,0,0,0,45,0
666,666,1,301,0,0,0,0,0,0,1800
667,667,1,302,26,0,0,0,0,26,2500
668,668,1,303,3,0,0,0,0,3,4600
669,669,1,304,11,0,0,0,0,11,3300
670,670,1,305,36,0,0,0,0,36,3800
671,671,1,306,27,0,0,0,0,27,1500
672,672,1,307,42,0,0,0,0,46,0
673,673,1,308,23,0,0,0,4,19,0
674,674,1,309,31,0,0,0,0,31,1400
675,675,1,310,42,0,0,0,0,54,2700
676,676,1,311,35,0,0,0,12,23,1600
677,677,1,312,42,0,0,0,0,64,600
678,678,1,313,42,0,0,0,22,34,400
679,679,1,314,42,0,0,0,0,43,0
680,680,1,315,42,0,0,0,1,66,0
681,681,1,316,42,0,0,0,24,48,1500
682,682,1,317,42,0,0,0,6,94,3100
683,683,1,318,42,0,0,0,52,40,0
684,684,1,319,65,0,0,10,0,112,0
685,685,1,320,65,0,0,0,57,28,0
686,686,1,321,65,0,0,0,0,93,0
687,687,1,322,28,0,0,0,28,0,0
688,688,1,323,56,0,0,0,0,56,0
689,689,1,324,48,0,0,0,0,48,1300
690,690,1,325,45,0,0,0,0,45,1100
691,691,1,326,43,0,0,0,0,43,0
692,692,1,327,35,0,0,0,0,35,1200
693,693,1,328,37,0,0,0,0,37,0
694,694,1,329,37,0,0,0,0,40,0
695,695,1,330,37,0,0,0,3,43,1800
696,696,1,331,37,0,0,0,6,46,3400
697,697,1,332,37,0,0,0,9,68,600
698,698,1,333,37,0,0,0,31,35,2000
699,699,1,334,37,0,0,0,0,82,0
700,700,1,335,37,0,0,0,45,67,0
701,701,1,336,37,0,0,8,30,54,0
702,702,1,337,37,0,0,0,25,87,0
703,703,1,338,37,0,0,0,50,63,2200
704,704,1,339,37,0,0,13,26,78,2300
705,705,1,340,37,0,0,0,54,70,900
706,706,1,341,37,0,0,17,33,80,1100
707,707,1,342,37,0,0,0,60,67,0
708,708,1,343,37,0,0,23,30,116,0
709,709,1,344,37,0,0,0,102,95,1500
710,710,1,345,37,0,0,65,58,86,1800
711,711,1,346,42,0,28,21,86,102,500
712,712,1,347,42,0,0,72,102,76,2400
713,713,1,348,42,0,30,60,76,105,0
714,714,1,349,42,0,18,64,105,62,0
715,715,1,350,42,0,22,81,62,98,0
716,716,1,351,42,0,39,42,98,83,1000
717,717,1,352,42,0,0,95,83,94,5000
718,718,1,353,42,0,53,41,94,57,0
719,719,1,354,42,11,0,94,57,54,2155
720,720,1,355,42,0,63,26,54,87,2000
721,721,1,356,44,21,0,54,87,82,105
722,722,1,357,44,0,31,64,82,87,0
723,723,1,358,44,0,20,69,87,53,0
724,724,1,359,44,0,25,63,53,84,2800
725,725,1,360,44,0,19,34,84,97,3100
726,726,1,361,44,0,0,59,97,97,500
727,727,1,362,44,0,15,53,97,98,1100
728,728,1,363,44,0,9,68,98,70,0
729,729,1,364,44,0,24,63,70,91,0
730,730,2,0,0,0,0,0,0,0,2500
731,731,2,1,40,0,0,0,0,40,0
732,732,2,2,35,0,0,0,0,35,3500
733,733,2,3,37,0,0,0,0,64,1200
734,734,2,4,65,0,0,0,27,61,300
735,735,2,5,37,0,0,0,0,66,1600
736,736,2,6,65,0,0,0,29,66,0
737,737,2,7,50,0,0,0,1,49,0
738,738,2,8,27,0,0,0,0,27,1000
739,739,2,9,0,0,0,0,0,0,8300
740,740,2,10,42,0,0,0,0,42,1700
741,741,2,11,3,0,0,0,0,3,5600
742,742,2,12,0,0,0,0,0,0,3600
743,743,2,13,68,0,0,0,0,87,0
744,744,2,14,19,0,0,0,19,0,0
745,745,2,15,33,0,0,0,0,33,1200
746,746,2,16,17,0,0,0,0,17,2600
747,747,2,17,27,0,0,0,0,27,1300
748,748,2,18,19,0,0,0,0,19,3800
749,749,2,19,32,0,0,0,0,32,1600
750,750,2,20,23,0,0,0,0,23,0
751,751,2,21,18,0,0,0,0,18,0
752,752,2,22,34,0,0,0,0,34,2700
753,753,2,23,15,0,0,0,0,15,7400
754,754,2,24,19,0,0,0,0,19,2200
755,755,2,25,0,0,0,0,0,0,3600
756,756,2,26,15,0,0,0,0,21,4200
757,757,2,27,68,0,0,0,6,62,0
758,758,2,28,19,0,0,0,0,19,0
759,759,2,29,0,0,0,0,0,0,3400
760,760,2,30,40,0,0,0,0,40,3100
761,761,2,31,0,0,0,0,0,0,4500
762,762,2,32,48,0,0,0,0,48,1000
763,763,2,33,4,0,0,0,0,4,3400
764,764,2,34,18,0,0,0,0,65,0
765,765,2,35,65,0,0,0,47,48,0
766,766,2,36,83,0,0,0,0,83,0
767,767,2,37,0,0,0,0,0,0,6200
768,768,2,38,18,0,0,0,0,52,4100
769,769,2,39,65,0,0,0,34,77,0
770,770,2,40,74,0,0,0,12,62,0
771,771,2,41,7,0,0,0,0,23,0
772,772,2,42,7,0,0,0,16,60,1100
773,773,2,43,7,0,0,9,53,79,1900
774,774,2,44,7,0,2,46,79,72,7700
775,775,2,45,7,0,39,74,72,64,3300
776,776,2,46,7,32,67,72,64,89,3760
777,777,2,47,7,60,72,64,89,82,3800
778,778,2,48,7,65,64,89,82,86,325
779,779,2,49,7,57,89,82,86,111,885
780,780,2,50,87,82,82,86,111,82,410
781,781,2,51,87,0,81,111,82,87,0
782,782,2,52,87,0,24,76,87,51,0
783,783,2,53,87,0,0,24,51,114,0
784,784,2,54,87,0,0,0,51,58,0
785,785,2,55,44,0,0,0,0,44,0
786,786,2,56,14,0,0,0,0,14,1600
787,787,2,57,0,0,0,0,0,0,4400
788,788,2,58,0,0,0,0,0,0,5300
789,789,2,59,15,0,0,0,0,15,2200
790,790,2,60,17,0,0,0,0,17,1400
791,791,2,61,18,0,0,0,0,18,3200
792,792,2,62,4,0,0,0,0,4,0
793,793,2,63,2,0,0,0,0,2,300
794,794,2,64,3,0,0,0,0,3,4000
795,795,2,65,0,0,0,0,0,0,6000
796,796,2,66,0,0,0,0,0,0,4000
797,797,2,67,0,0,0,0,0,0,2600
798,798,2,68,0,0,0,0,0,0,3700
799,799,2,69,8,0,0,0,0,8,0
800,800,2,70,32,0,0,0,0,32,0
801,801,2,71,18,0,0,0,0,18,400
802,802,2,72,0,0,0,0,0,0,5700
803,803,2,73,32,0,0,0,0,32,1400
804,804,2,74,32,0,0,0,0,32,1000
805,805,2,75,6,0,0,0,0,6,2700
806,806,2,76,12,0,0,0,0,12,0
807,807,2,77,14,0,0,0,0,14,0
808,808,2,78,6,0,0,0,0,6,4200
809,809,2,79,18,0,0,0,0,18,3300
810,810,2,80,25,0,0,0,0,25,1000
811,811,2,81,24,0,0,0,0,24,1800
812,812,2,82,41,0,0,0,0,41,0
813,813,2,83,1,0,0,0,0,7,1400
814,814,2,84,72,0,0,0,6,69,0
815,815,2,85,27,0,0,0,0,27,3800
816,816,2,86,1,0,0,0,0,7,5600
817,817,2,87,44,0,0,0,6,89,0
818,818,2,88,44,0,0,0,45,62,700
819,819,2,89,44,0,0,1,18,108,0
820,820,2,90,44,0,0,0,65,75,0
821,821,2,91,44,0,0,21,31,108,0
822,822,2,92,44,0,0,0,85,82,0
823,823,2,93,44,0,0,41,38,91,2400
824,824,2,94,44,0,0,0,88,92,1700
825,825,2,95,44,0,0,44,48,97,1900
826,826,2,96,44,0,0,4,97,97,0
827,827,2,97,44,0,0,53,57,81,0
828,828,2,98,44,0,9,13,81,79,0
829,829,2,99,44,0,0,46,57,77,1400
830,830,2,100,44,0,2,13,77,111,1400
831,831,2,101,44,0,0,35,82,106,3000
832,832,2,102,66,0,0,38,97,95,1200
833,833,2,103,66,0,0,31,67,82,0
834,834,2,104,66,0,0,1,47,97,0
835,835,2,105,66,0,0,0,32,75,0
836,836,2,106,66,0,0,0,9,72,0
837,837,2,107,8,0,0,0,6,2,4900
838,838,2,108,39,0,0,0,0,39,0
839,839,2,109,8,0,0,0,0,8,1500
840,840,2,110,29,0,0,0,0,29,1400
841,841,2,111,6,0,0,0,0,6,0
842,842,2,112,8,0,0,0,0,8,500
843,843,2,113,27,0,0,0,0,27,2300
844,844,2,114,0,0,0,0,0,0,4100
845,845,2,115,10,0,0,0,0,10,4600
846,846,2,116,19,0,0,0,0,19,3900
847,847,2,117,3,0,0,0,0,3,5000
848,848,2,118,17,0,0,0,0,17,0
849,849,2,119,0,0,0,0,0,0,1200
850,850,2,120,1,0,0,0,0,15,5100
851,851,2,121,1,0,0,0,14,74,3900
852,852,2,122,31,0,0,13,73,83,1100
853,853,2,123,31,0,0,42,65,117,800
854,854,2,124,31,0,11,34,117,87,2200
855,855,2,125,31,0,3,97,87,104,0
856,856,2,126,31,0,66,59,104,84,0
857,857,2,127,30,35,28,104,84,90,4375
858,858,2,128,57,0,104,84,90,86,1000
859,859,2,129,30,47,27,90,86,63,2235
860,860,2,130,56,0,90,86,63,93,1400
861,861,2,131,56,34,30,63,93,113,170
862,862,2,132,47,0,41,93,113,93,0
863,863,2,133,47,0,46,107,93,84,0
864,864,2,134,47,0,60,92,84,61,0
865,865,2,135,47,13,45,84,61,78,965
866,866,2,136,47,0,50,61,78,80,0
867,867,2,137,47,3,14,78,80,87,915
868,868,2,138,47,0,34,50,87,109,1200
869,869,2,139,47,0,3,74,109,76,0
870,870,2,140,47,0,27,65,76,94,0
871,871,2,141,47,0,18,56,94,80,0
872,872,2,142,47,0,9,65,80,78,800
873,873,2,143,47,0,18,42,78,96,2300
874,874,2,144,47,0,0,49,96,75,0
875,875,2,145,47,0,2,49,75,84,0
876,876,2,146,47,0,2,30,84,91,0
877,877,2,147,47,0,0,39,76,94,0
878,878,2,148,47,0,0,29,86,84,0
879,879,2,149,47,0,0,39,66,75,2700
880,880,2,150,47,0,0,19,67,68,600
881,881,2,151,47,0,0,20,40,81,0
882,882,2,152,47,0,0,0,54,55,0
883,883,2,153,47,0,0,7,8,86,0
884,884,2,154,47,0,0,0,46,38,0
885,885,2,155,47,0,0,0,0,100,1800
886,886,2,156,31,0,0,0,53,36,2800
887,887,2,157,31,0,0,22,5,89,600
888,888,2,158,31,0,0,0,80,63,1600
889,889,2,159,31,0,0,49,32,86,1500
890,890,2,160,31,0,18,1,86,69,0
891,891,2,161,31,0,0,73,57,77,0
892,892,2,162,47,0,42,26,77,63,1900
893,893,2,163,47,0,0,72,63,69,2300
894,894,2,164,47,0,25,16,69,87,0
895,895,2,165,47,0,0,47,81,69,900
896,896,2,166,47,0,0,34,69,60,0
897,897,2,167,47,0,0,22,47,56,0
898,898,2,168,47,0,0,0,31,93,0
899,899,2,169,47,0,0,0,46,64,2900
900,900,2,170,47,0,0,0,17,68,900
901,901,2,171,47,0,0,0,21,74,0
902,902,2,172,47,0,0,0,27,44,600
903,903,2,173,47,0,0,0,0,65,0
904,904,2,174,38,0,0,0,18,20,0
905,905,2,175,47,0,0,0,0,86,0
906,906,2,176,47,0,0,0,39,20,0
907,907,2,177,47,0,0,0,0,58,3000
908,908,2,178,47,0,0,0,11,56,0
909,909,2,179,47,0,0,0,9,79,0
910,910,2,180,47,0,0,0,32,54,0
911,911,2,181,47,0,0,0,7,58,0
912,912,2,182,47,0,0,0,11,44,0
913,913,2,183,31,0,0,0,0,64,3200
914,914,2,184,55,0,0,0,33,51,500
915,915,2,185,77,0,0,0,0,81,0
916,916,2,186,14,0,0,0,4,14,4300
917,917,2,187,14,0,0,0,0,65,1500
918,918,2,188,46,0,0,0,51,81,0
919,919,2,189,46,0,0,5,35,62,0
920,920,2,190,46,0,0,0,21,87,0
921,921,2,191,46,0,0,0,41,51,0
922,922,2,192,46,0,0,0,5,78,0
923,923,2,193,46,0,0,0,32,59,0
924,924,2,194,46,0,0,0,13,91,3400
925,925,2,195,46,0,0,0,45,55,0
926,926,2,196,46,0,0,0,9,101,0
927,927,2,197,46,0,0,0,55,66,0
928,928,2,198,46,0,0,9,20,81,4100
929,929,2,199,47,0,0,0,44,87,0
930,930,2,200,47,0,0,0,40,85,700
931,931,2,201,47,0,0,0,38,88,900
932,932,2,202,47,0,0,0,41,78,0
933,933,2,203,46,0,0,0,31,77,0
934,934,2,204,46,0,0,0,31,41,0
935,935,2,205,47,0,0,0,0,75,1600
936,936,2,206,46,0,0,0,28,25,2200
937,937,2,207,46,0,0,0,0,84,1400
938,938,2,208,46,0,0,0,38,41,0
939,939,2,209,46,0,0,0,0,77,0
940,940,2,210,46,0,0,0,31,19,0
941,941,2,211,46,0,0,0,0,87,0
942,942,2,212,46,0,0,0,41,49,1600
943,943,2,213,61,0,0,0,3,58,0
944,944,2,214,21,0,0,0,0,21,3400
945,945,2,215,0,0,0,0,0,0,3300
946,946,2,216,14,0,0,0,0,14,0
947,947,2,217,0,0,0,0,0,0,1700
948,948,2,218,25,0,0,0,0,25,1500
949,949,2,219,34,0,0,0,0,34,4100
950,950,2,220,37,0,0,0,0,37,3700
951,951,2,221,10,0,0,0,0,10,2000
952,952,2,222,43,0,0,0,0,43,700
953,953,2,223,20,0,0,0,0,20,0
954,954,2,224,43,0,0,0,0,43,0
955,955,2,225,26,0,0,0,0,26,800
956,956,2,226,32,0,0,0,0,32,2000
957,957,2,227,0,0,0,0,0,0,5400
958,958,2,228,23,0,0,0,0,23,2100
959,959,2,229,19,0,0,0,0,19,2500
960,960,2,230,12,0,0,0,0,12,0
961,961,2,231,52,0,0,0,0,52,0
962,962,2,232,31,0,0,0,0,31,2800
963,963,2,233,41,0,0,0,0,41,5500
964,964,2,234,10,0,0,0,0,10,3600
965,965,2,235,27,0,0,0,0,27,3700
966,966,2,236,43,0,0,0,0,43,1200
967,967,2,237,45,0,0,0,0,47,0
968,968,2,238,9,0,0,0,2,7,400
969,969,2,239,22,0,0,0,0,22,600
970,970,2,240,18,0,0,0,0,18,5300
971,971,2,241,5,0,0,0,0,5,3700
972,972,2,242,2,0,0,0,0,2,3900
973,973,2,243,17,0,0,0,0,20,1800
974,974,2,244,54,0,0,0,3,72,0
975,975,2,245,54,0,0,0,18,41,0
976,976,2,246,24,0,0,0,0,31,900
977,977,2,247,54,0,0,0,7,68,1100
978,978,2,248,54,0,0,0,14,45,0
979,979,2,249,49,0,0,0,0,61,0
980,980,2,250,49,0,0,0,12,67,0
981,981,2,251,49,0,0,0,18,62,0
982,982,2,252,49,0,0,0,13,43,0
983,983,2,253,49,0,0,0,0,51,0
984,984,2,254,27,0,0,0,2,25,8400
985,985,2,255,46,0,0,0,0,46,0
986,986,2,256,33,0,0,0,0,33,2500
987,987,2,257,6,0,0,0,0,27,3300
988,988,2,258,72,0,0,0,21,63,0
989,989,2,259,41,0,0,0,0,41,0
990,990,2,260,6,0,0,0,0,6,5600
991,991,2,261,21,0,0,0,0,22,2000
992,992,2,262,57,0,0,0,1,56,0
993,993,2,263,19,0,0,0,0,19,3700
994,994,2,264,62,0,0,0,0,62,0
995,995,2,265,15,0,0,0,0,15,0
996,996,2,266,0,0,0,0,0,0,1000
997,997,2,267,16,0,0,0,0,16,2900
998,998,2,268,10,0,0,0,0,10,5700
999,999,2,269,22,0,0,0,0,22,2400
1000,1000,2,270,38,0,0,0,0,38,1600
1001,1001,2,271,19,0,0,0,0,19,2700
1002,1002,2,272,2,0,0,0,0,2,400
1003,1003,2,273,0,0,0,0,0,0,1400
1004,1004,2,274,0,0,0,0,0,0,4000
1005,1005,2,275,50,0,0,0,0,50,1600
1006,1006,2,276,35,0,0,0,0,35,0
1007,1007,2,277,0,0,0,0,0,0,4100
1008,1008,2,278,12,0,0,0,0,12,4300
1009,1009,2,279,0,0,0,0,0,0,700
1010,1010,2,280,12,0,0,0,0,12,600
1011,1011,2,281,13,0,0,0,0,13,3400
1012,1012,2,282,13,0,0,0,0,13,4400
1013,1013,2,283,13,0,0,0,0,13,2500
1014,1014,2,284,8,0,0,0,0,8,8600
1015,1015,2,285,33,0,0,0,0,33,700
1016,1016,2,286,25,0,0,0,0,25,0
1017,1017,2,287,58,0,0,0,0,58,0
1018,1018,2,288,0,0,0,0,0,0,4300
1019,1019,2,289,44,0,0,0,0,61,0
1020,1020,2,290,50,0,0,0,17,33,500
1021,1021,2,291,31,0,0,0,0,31,2900
1022,1022,2,292,51,0,0,0,0,65,500
1023,1023,2,293,49,0,0,0,14,35,0
1024,1024,2,294,48,0,0,0,0,48,0
1025,1025,2,295,26,0,0,0,0,26,1800
1026,1026,2,296,28,0,0,0,0,28,4500
1027,1027,2,297,51,0,0,0,0,52,0
1028,1028,2,298,18,0,0,0,1,17,2800
1029,1029,2,299,49,0,0,0,0,49,3500
1030,1030,2,300,28,0,0,0,0,28,0
1031,1031,2,301,7,0,0,0,0,7,2000
1032,1032,2,302,33,0,0,0,0,33,2200
1033,1033,2,303,26,0,0,0,0,26,2900
1034,1034,2,304,26,0,0,0,0,26,1100
1035,1035,2,305,51,0,0,0,0,53,0
1036,1036,2,306,51,0,0,0,2,55,0
1037,1037,2,307,28,0,0,0,4,24,0
1038,1038,2,308,18,0,0,0,0,18,0
1039,1039,2,309,49,0,0,0,0,50,1400
1040,1040,2,310,49,0,0,0,1,51,1800
1041,1041,2,311,49,0,0,0,2,48,0
1042,1042,2,312,33,0,0,0,0,33,700
1043,1043,2,313,21,0,0,0,0,21,2400
1044,1044,2,314,44,0,0,0,0,65,0
1045,1045,2,315,44,0,0,0,21,24,0
1046,1046,2,316,40,0,0,0,0,40,1400
1047,1047,2,317,36,0,0,0,0,36,2800
1048,1048,2,318,40,0,0,0,0,40,0
1049,1049,2,319,46,0,0,0,0,46,1900
1050,1050,2,320,38,0,0,0,0,53,0
1051,1051,2,321,38,0,0,0,15,53,0
1052,1052,2,322,38,0,0,0,15,85,0
1053,1053,2,323,38,0,0,0,47,68,1600
1054,1054,2,324,38,0,0,9,30,77,1800
1055,1055,2,325,38,0,0,0,48,88,2700
1056,1056,2,326,38,0,0,10,50,108,2200
1057,1057,2,327,38,0,0,12,80,100,0
1058,1058,2,328,38,0,0,42,74,68,0
1059,1059,2,329,51,0,4,36,68,108,0
1060,1060,2,330,51,0,0,21,97,90,0
1061,1061,2,331,51,0,0,46,60,80,1800
1062,1062,2,332,51,0,0,9,75,83,0
1063,1063,2,333,51,0,0,24,41,84,0
1064,1064,2,334,38,0,0,0,57,69,0
1065,1065,2,335,38,0,0,19,31,83,0
1066,1066,2,336,38,0,0,0,64,84,0
1067,1067,2,337,38,0,0,26,46,110,1100
1068,1068,2,338,38,0,0,8,98,85,1000
1069,1069,2,339,38,0,0,60,55,107,900
1070,1070,2,340,38,0,22,17,107,71,0
1071,1071,2,341,38,0,0,91,71,87,500
1072,1072,2,342,38,0,53,33,87,92,0
1073,1073,2,343,38,15,0,87,92,110,75
1074,1074,2,344,38,0,64,69,110,93,0
1075,1075,2,345,38,26,31,110,93,111,2730
1076,1076,2,346,38,0,98,93,111,91,1800
1077,1077,2,347,38,60,55,111,91,70,1300
1078,1078,2,348,38,17,111,91,70,69,1485
1079,1079,2,349,38,73,70,70,69,92,365
1080,1080,2,350,38,32,70,69,92,93,160
1081,1081,2,351,51,32,63,92,93,97,160
1082,1082,2,352,50,12,73,93,97,59,660
1083,1083,2,353,29,23,55,97,59,89,3215
1084,1084,2,354,2,26,91,59,89,87,6830
1085,1085,2,355,63,89,59,89,87,92,445
1086,1086,2,356,63,0,89,87,92,99,0
1087,1087,2,357,63,26,24,92,99,99,130
1088,1088,2,358,87,0,55,86,99,102,0
1089,1089,2,359,87,0,0,67,102,93,0
1090,1090,2,360,87,0,0,15,73,60,0
1091,1091,2,361,52,0,0,0,0,96,0
1092,1092,2,362,82,0,0,0,44,38,0
1093,1093,2,363,40,0,0,0,0,40,0
1094,1094,2,364,34,0,0,0,0,34,0
1095,1095,3,0,0,0,0,0,0,0,2100
1096,1096,3,1,27,0,0,0,0,27,3500
1097,1097,3,2,34,0,0,0,0,34,3100
1098,1098,3,3,52,0,0,0,0,55,1400
1099,1099,3,4,38,0,0,0,3,35,1300
1100,1100,3,5,43,0,0,0,0,43,2200
1101,1101,3,6,47,0,0,0,0,47,0
1102,1102,3,7,37,0,0,0,0,37,0
1103,1103,3,8,47,0,0,0,0,47,0
1104,1104,3,9,38,0,0,0,0,48,2600
1105,1105,3,10,41,0,0,0,10,31,0
1106,1106,3,11,17,0,0,0,0,17,3100
1107,1107,3,12,43,0,0,0,0,43,1100
1108,1108,3,13,14,0,0,0,0,14,0
1109,1109,3,14,24,0,0,0,0,53,0
1110,1110,3,15,51,0,0,0,29,84,0
1111,1111,3,16,51,0,0,0,33,60,0
1112,1112,3,17,51,0,0,0,9,47,0
1113,1113,3,18,51,0,0,0,0,58,900
1114,1114,3,19,48,0,0,0,7,41,0
1115,1115,3,20,51,0,0,0,0,70,0
1116,1116,3,21,51,0,0,0,19,54,0
1117,1117,3,22,35,0,0,0,3,32,2200
1118,1118,3,23,36,0,0,0,0,36,2300
1119,1119,3,24,11,0,0,0,0,11,2900
1120,1120,3,25,34,0,0,0,0,34,1100
1121,1121,3,26,42,0,0,0,0,42,2700
1122,1122,3,27,25,0,0,0,0,25,0
1123,1123,3,28,51,0,0,0,0,52,0
1124,1124,3,29,46,0,0,0,1,45,0
1125,1125,3,30,24,0,0,0,0,48,3900
1126,1126,3,31,51,0,0,0,24,38,0
1127,1127,3,32,51,0,0,0,0,52,0
1128,1128,3,33,17,0,0,0,1,16,3400
1129,1129,3,34,47,0,0,0,0,47,0
1130,1130,3,35,46,0,0,0,0,46,0
1131,1131,3,36,2,0,0,0,0,2,4400
1132,1132,3,37,15,0,0,0,0,15,5000
1133,1133,3,38,28,0,0,0,0,28,2300
1134,1134,3,39,25,0,0,0,0,25,3100
1135,1135,3,40,28,0,0,0,0,28,1500
1136,1136,3,41,1,0,0,0,0,1,700
1137,1137,3,42,0,0,0,0,0,0,1100
1138,1138,3,43,45,0,0,0,0,45,0
1139,1139,3,44,13,0,0,0,0,13,4700
1140,1140,3,45,0,0,0,0,0,0,4400
1141,1141,3,46,54,0,0,0,0,54,0
1142,1142,3,47,11,0,0,0,0,11,3600
1143,1143,3,48,38,0,0,0,0,60,0
1144,1144,3,49,81,0,0,0,22,59,0
1145,1145,3,50,8,0,0,0,0,8,3200
1146,1146,3,51,38,0,0,0,0,53,0
1147,1147,3,52,38,0,0,0,15,54,0
1148,1148,3,53,50,0,0,0,16,76,0
1149,1149,3,54,38,0,0,0,26,33,1300
1150,1150,3,55,38,0,0,0,0,52,0
1151,1151,3,56,48,0,0,0,14,34,0
1152,1152,3,57,23,0,0,0,0,23,1200
1153,1153,3,58,38,0,0,0,0,59,600
1154,1154,3,59,50,0,0,0,21,49,0
1155,1155,3,60,38,0,0,0,0,40,2600
1156,1156,3,61,38,0,0,0,2,43,400
1157,1157,3,62,50,0,0,0,5,55,0
1158,1158,3,63,50,0,0,0,5,72,0
1159,1159,3,64,50,0,0,0,22,30,1700
1160,1160,3,65,32,0,0,0,0,32,4400
1161,1161,3,66,21,0,0,0,0,21,2500
1162,1162,3,67,41,0,0,0,0,41,1000
1163,1163,3,68,46,0,0,0,0,46,0
1164,1164,3,69,43,0,0,0,0,43,0
1165,1165,3,70,41,0,0,0,0,41,0
1166,1166,3,71,29,0,0,0,0,29,1200
1167,1167,3,72,50,0,0,0,0,53,2800
1168,1168,3,73,50,0,0,0,3,65,2100
1169,1169,3,74,57,0,0,0,15,42,1400
1170,1170,3,75,36,0,0,0,0,36,0
1171,1171,3,76,3,0,0,0,0,3,400
1172,1172,3,77,6,0,0,0,0,6,800
1173,1173,3,78,7,0,0,0,0,7,5600
1174,1174,3,79,10,0,0,0,0,10,2700
1175,1175,3,80,5,0,0,0,0,5,6100
1176,1176,3,81,0,0,0,0,0,0,8100
1177,1177,3,82,15,0,0,0,0,15,4400
1178,1178,3,83,0,0,0,0,0,0,1200
1179,1179,3,84,0,0,0,0,0,0,900
1180,1180,3,85,6,0,0,0,0,75,4100
1181,1181,3,86,53,0,0,0,69,64,2600
1182,1182,3,87,23,0,0,16,11,63,2300
1183,1183,3,88,23,0,0,0,56,98,2400
1184,1184,3,89,23,0,0,33,75,95,1000
1185,1185,3,90,40,0,10,52,95,86,0
1186,1186,3,91,40,0,12,65,86,90,0
1187,1187,3,92,40,0,25,58,90,99,0
1188,1188,3,93,40,0,18,75,99,106,1700
1189,1189,3,94,40,0,35,77,106,80,0
1190,1190,3,95,31,0,37,101,80,79,1500
1191,1191,3,96,31,6,70,80,79,90,1330
1192,1192,3,97,31,39,55,79,90,101,195
1193,1193,3,98,31,24,79,90,101,118,120
1194,1194,3,99,36,48,83,101,118,98,4140
1195,1195,3,100,36,47,101,118,98,86,2235
1196,1196,3,101,16,65,118,98,86,54,3725
1197,1197,3,102,16,102,98,86,54,102,5010
1198,1198,3,103,16,82,86,54,102,86,3910
1199,1199,3,104,74,70,54,102,86,103,350
1200,1200,3,105,74,0,98,86,103,84,0
1201,1201,3,106,74,24,12,103,84,76,120
1202,1202,3,107,74,0,53,46,76,83,600
1203,1203,3,108,74,0,0,55,83,114,0
1204,1204,3,109,74,0,0,9,95,78,0
1205,1205,3,110,74,0,0,21,13,104,0
1206,1206,3,111,74,0,0,0,51,70,0
1207,1207,3,112,45,0,0,0,0,45,0
1208,1208,3,113,2,0,0,0,0,2,4400
1209,1209,3,114,16,0,0,0,0,16,4900
1210,1210,3,115,30,0,0,0,0,30,0
1211,1211,3,116,15,0,0,0,0,15,4600
1212,1212,3,117,26,0,0,0,0,26,4400
1213,1213,3,118,13,0,0,0,0,13,0
1214,1214,3,119,3,0,0,0,0,3,2600
1215,1215,3,120,6,0,0,0,0,6,2600
1216,1216,3,121,24,0,0,0,0,24,2200
1217,1217,3,122,40,0,0,0,0,53,0
1218,1218,3,123,40,0,0,0,13,54,900
1219,1219,3,124,40,0,0,0,14,67,0
1220,1220,3,125,40,0,0,0,27,40,0
1221,1221,3,126,40,0,0,0,0,87,0
1222,1222,3,127,40,0,0,0,47,63,4700
1223,1223,3,128,40,0,0,7,23,75,1100
1224,1224,3,129,40,0,0,0,42,75,1400
1225,1225,3,130,40,0,0,2,35,82,0
1226,1226,3,131,40,0,0,0,44,74,0
1227,1227,3,132,40,0,0,4,34,71,0
1228,1228,3,133,40,0,0,0,35,95,0
1229,1229,3,134,31,0,0,0,55,78,3000
1230,1230,3,135,31,0,0,24,47,79,3100
1231,1231,3,136,31,0,0,16,72,98,900
1232,1232,3,137,31,0,0,41,83,99,0
1233,1233,3,138,31,0,10,52,99,90,0
1234,1234,3,139,74,0,21,78,90,97,0
1235,1235,3,140,43,0,4,37,97,102,0
1236,1236,3,141,74,0,0,58,100,86,0
1237,1237,3,142,74,0,0,26,70,100,0
1238,1238,3,143,40,0,0,0,52,60,0
1239,1239,3,144,40,0,0,12,20,107,0
1240,1240,3,145,40,0,0,0,79,85,400
1241,1241,3,146,40,0,0,39,45,81,0
1242,1242,3,147,40,0,0,5,80,74,0
1243,1243,3,148,40,0,0,40,39,89,1400
1244,1244,3,149,40,0,0,0,89,95,0
1245,1245,3,150,40,0,0,49,55,62,0
1246,1246,3,151,74,0,9,15,62,76,0
1247,1247,3,152,74,0,0,0,26,95,0
1248,1248,3,153,40,0,0,0,21,29,0
1249,1249,3,154,40,0,0,0,0,66,0
1250,1250,3,155,40,0,0,0,26,52,1300
1251,1251,3,156,31,0,0,0,12,93,4200
1252,1252,3,157,31,0,0,0,62,77,1600
1253,1253,3,158,31,0,0,31,46,65,500
1254,1254,3,159,31,0,0,15,65,71,1600
1255,1255,3,160,50,0,0,34,55,66,0
1256,1256,3,161,43,0,0,5,50,81,0
1257,1257,3,162,43,0,0,7,43,72,0
1258,1258,3,163,43,0,0,0,36,97,1800
1259,1259,3,164,43,0,0,0,54,62,1900
1260,1260,3,165,43,0,0,11,19,89,2000
1261,1261,3,166,43,0,0,0,57,78,0
1262,1262,3,167,43,0,0,14,35,86,0
1263,1263,3,168,43,0,0,0,57,90,0
1264,1264,3,169,43,0,0,14,47,64,2000
1265,1265,3,170,43,0,0,4,35,76,2400
1266,1266,3,171,43,0,0,0,37,71,0
1267,1267,3,172,43,0,0,0,28,84,0
1268,1268,3,173,40,0,0,0,41,92,1300
1269,1269,3,174,40,0,0,1,52,67,0
1270,1270,3,175,40,0,0,12,28,92,0
1271,1271,3,176,40,0,0,0,64,81,0
1272,1272,3,177,40,0,0,24,41,95,1800
1273,1273,3,178,40,0,0,1,79,115,1900
1274,1274,3,179,40,0,0,39,76,92,800
1275,1275,3,180,40,0,0,36,91,86,400
1276,1276,3,181,40,0,0,51,82,69,0
1277,1277,3,182,43,0,11,42,69,88,0
1278,1278,3,183,43,0,0,37,88,65,0
1279,1279,3,184,43,0,0,45,59,82,1200
1280,1280,3,185,43,0,2,16,82,91,1000
1281,1281,3,186,43,0,0,41,66,115,1200
1282,1282,3,187,43,0,0,23,113,65,1200
1283,1283,3,188,43,0,0,70,45,73,0
1284,1284,3,189,40,0,27,2,73,90,0
1285,1285,3,190,40,0,0,60,79,108,1000
1286,1286,3,191,40,0,20,39,108,109,2100
1287,1287,3,192,74,0,0,88,109,89,0
1288,1288,3,193,74,0,14,35,89,100,0
1289,1289,3,194,74,0,0,29,75,89,0
1290,1290,3,195,74,0,0,1,44,115,0
1291,1291,3,196,74,0,0,0,42,71,0
1292,1292,3,197,21,0,0,0,0,21,2400
1293,1293,3,198,18,0,0,0,0,18,3600
1294,1294,3,199,25,0,0,0,0,25,3300
1295,1295,3,200,40,0,0,0,0,41,900
1296,1296,3,201,72,0,0,0,1,71,0
1297,1297,3,202,13,0,0,0,0,13,0
1298,1298,3,203,43,0,0,0,0,43,0
1299,1299,3,204,14,0,0,0,0,14,3300
1300,1300,3,205,45,0,0,0,0,45,2200
1301,1301,3,206,0,0,0,0,0,0,4600
1302,1302,3,207,43,0,0,0,0,55,0
1303,1303,3,208,74,0,0,0,12,69,0
1304,1304,3,209,24,0,0,0,0,24,0
1305,1305,3,210,28,0,0,0,0,28,0
1306,1306,3,211,43,0,0,0,0,50,0
1307,1307,3,212,43,0,0,0,7,39,2400
1308,1308,3,213,43,0,0,0,0,64,600
1309,1309,3,214,43,0,0,0,21,51,1300
1310,1310,3,215,43,0,0,0,8,56,0
1311,1311,3,216,43,0,0,0,13,35,0
1312,1312,3,217,43,0,0,0,0,62,0
1313,1313,3,218,36,0,0,0,19,17,800
1314,1314,3,219,43,0,0,0,0,51,1600
1315,1315,3,220,43,0,0,0,8,45,3200
1316,1316,3,221,43,0,0,0,2,58,2300
1317,1317,3,222,43,0,0,0,15,38,0
1318,1318,3,223,43,0,0,0,0,53,0
1319,1319,3,224,50,0,0,0,10,40,0
1320,1320,3,225,41,0,0,0,0,41,1100
1321,1321,3,226,43,0,0,0,0,55,900
1322,1322,3,227,52,0,0,0,12,40,0
1323,1323,3,228,18,0,0,0,0,18,1000
1324,1324,3,229,46,0,0,0,0,46,0
1325,1325,3,230,22,0,0,0,0,22,0
1326,1326,3,231,47,0,0,0,0,47,0
1327,1327,3,232,43,0,0,0,0,43,0
1328,1328,3,233,44,0,0,0,0,44,300
1329,1329,3,234,36,0,0,0,0,36,0
1330,1330,3,235,45,0,0,0,0,45,0
1331,1331,3,236,11,0,0,0,0,11,3800
1332,1332,3,237,37,0,0,0,0,37,0
1333,1333,3,238,46,0,0,0,0,46,0
1334,1334,3,239,26,0,0,0,0,26,2000
1335,1335,3,240,50,0,0,0,0,59,100
1336,1336,3,241,47,0,0,0,9,38,1600
1337,1337,3,242,49,0,0,0,0,49,0
1338,1338,3,243,48,0,0,0,0,48,0
1339,1339,3,244,33,0,0,0,0,33,0
1340,1340,3,245,36,0,0,0,0,36,0
1341,1341,3,246,49,0,0,0,0,49,700
1342,1342,3,247,50,0,0,0,0,52,0
1343,1343,3,248,41,0,0,0,2,39,1000
1344,1344,3,249,13,0,0,0,0,64,2200
1345,1345,3,250,50,0,0,0,51,64,0
1346,1346,3,251,82,0,0,1,14,81,0
1347,1347,3,252,2,0,0,0,0,2,2100
1348,1348,3,253,15,0,0,0,0,15,4000
1349,1349,3,254,1,0,0,0,0,1,6100
1350,1350,3,255,0,0,0,0,0,0,4300
1351,1351,3,256,29,0,0,0,0,29,900
1352,1352,3,257,20,0,0,0,0,20,1000
1353,1353,3,258,0,0,0,0,0,0,400
1354,1354,3,259,0,0,0,0,0,0,1100
1355,1355,3,260,4,0,0,0,0,4,3800
1356,1356,3,261,8,0,0,0,0,8,3700
1357,1357,3,262,18,0,0,0,0,18,2200
1358,1358,3,263,13,0,0,0,0,13,2700
1359,1359,3,264,50,0,0,0,0,51,0
1360,1360,3,265,14,0,0,0,1,13,0
1361,1361,3,266,22,0,0,0,0,22,0
1362,1362,3,267,50,0,0,0,0,56,900
1363,1363,3,268,45,0,0,0,6,39,2100
1364,1364,3,269,23,0,0,0,0,53,4700
1365,1365,3,270,23,0,0,0,30,63,900
1366,1366,3,271,23,0,0,7,40,98,3100
1367,1367,3,272,23,0,0,17,82,91,0
1368,1368,3,273,23,0,0,59,85,66,0
1369,1369,3,274,23,0,36,62,66,89,2000
1370,1370,3,275,23,13,39,66,89,84,4665
1371,1371,3,276,23,16,56,89,84,93,2480
1372,1372,3,277,59,33,82,84,93,66,165
1373,1373,3,278,59,23,58,93,66,96,115
1374,1374,3,279,59,0,57,66,96,107,0
1375,1375,3,280,48,0,7,94,107,64,0
1376,1376,3,281,22,0,46,66,64,111,900
1377,1377,3,282,91,24,44,64,111,65,120
1378,1378,3,283,55,0,0,88,65,63,0
1379,1379,3,284,55,0,33,10,63,99,0
1380,1380,3,285,50,0,0,41,87,98,0
1381,1381,3,286,50,0,0,37,89,102,0
1382,1382,3,287,50,0,0,39,89,71,0
1383,1383,3,288,50,0,0,39,60,84,200
1384,1384,3,289,59,0,0,10,73,117,0
1385,1385,3,290,59,0,0,14,68,91,0
1386,1386,3,291,59,0,0,9,46,107,1800
1387,1387,3,292,31,0,0,0,57,77,2700
1388,1388,3,293,36,0,0,26,46,102,0
1389,1389,3,294,59,0,0,10,92,73,0
1390,1390,3,295,59,0,0,33,24,58,0
1391,1391,3,296,55,0,0,0,32,84,1000
1392,1392,3,297,55,0,0,0,29,72,0
1393,1393,3,298,38,0,0,0,17,57,0
1394,1394,3,299,48,0,0,0,19,79,0
1395,1395,3,300,48,0,0,0,31,46,0
1396,1396,3,301,48,0,0,0,0,51,0
1397,1397,3,302,25,0,0,0,3,22,2600
1398,1398,3,303,35,0,0,0,0,35,1000
1399,1399,3,304,42,0,0,0,0,42,2000
1400,1400,3,305,32,0,0,0,0,32,2200
1401,1401,3,306,37,0,0,0,0,37,0
1402,1402,3,307,50,0,0,0,0,50,0
1403,1403,3,308,43,0,0,0,0,43,0
1404,1404,3,309,26,0,0,0,0,26,0
1405,1405,3,310,42,0,0,0,0,42,3400
1406,1406,3,311,38,0,0,0,0,38,0
1407,1407,3,312,31,0,0,0,0,31,1300
1408,1408,3,313,27,0,0,0,0,27,2300
1409,1409,3,314,19,0,0,0,0,19,0
1410,1410,3,315,43,0,0,0,0,43,0
1411,1411,3,316,54,0,0,0,0,54,0
1412,1412,3,317,32,0,0,0,0,32,1300
1413,1413,3,318,33,0,0,0,0,33,1400
1414,1414,3,319,25,0,0,0,0,25,1500
1415,1415,3,320,51,0,0,0,0,51,900
1416,1416,3,321,51,0,0,0,0,51,0
1417,1417,3,322,38,0,0,0,0,38,0
1418,1418,3,323,24,0,0,0,0,24,1500
1419,1419,3,324,21,0,0,0,0,39,5800
1420,1420,3,325,50,0,0,0,18,78,0
1421,1421,3,326,50,0,0,0,28,40,0
1422,1422,3,327,50,0,0,0,0,52,0
1423,1423,3,328,37,0,0,0,2,35,0
1424,1424,3,329,26,0,0,0,0,26,0
1425,1425,3,330,14,0,0,0,0,14,3500
1426,1426,3,331,50,0,0,0,0,50,2300
1427,1427,3,332,20,0,0,0,0,20,1600
1428,1428,3,333,34,0,0,0,0,34,0
1429,1429,3,334,36,0,0,0,0,63,1600
1430,1430,3,335,36,0,0,0,27,44,0
1431,1431,3,336,36,0,0,0,8,53,0
1432,1432,3,337,36,0,0,0,17,73,0
1433,1433,3,338,36,0,0,0,37,76,3100
1434,1434,3,339,36,0,0,1,40,92,2700
1435,1435,3,340,36,0,0,4,57,114,0
1436,1436,3,341,36,0,0,21,82,100,2500
1437,1437,3,342,36,0,0,46,85,70,0
1438,1438,3,343,36,0,10,49,70,98,0
1439,1439,3,344,36,0,13,44,98,110,1300
1440,1440,3,345,36,0,8,75,110,105,2500
1441,1441,3,346,36,0,39,82,105,90,3600
1442,1442,3,347,36,3,46,105,90,90,815
1443,1443,3,348,36,10,72,90,90,95,50
1444,1444,3,349,55,36,64,90,95,87,180
1445,1445,3,350,55,9,71,95,87,97,45
1446,1446,3,351,55,16,49,87,97,73,80
1447,1447,3,352,50,0,48,97,73,91,600
1448,1448,3,353,59,0,47,71,91,96,0
1449,1449,3,354,59,0,12,79,96,91,1500
1450,1450,3,355,59,0,20,49,91,95,0
1451,1451,3,356,59,0,0,52,95,78,0
1452,1452,3,357,59,0,0,36,71,90,0
1453,1453,3,358,50,0,0,12,67,84,600
1454,1454,3,359,50,0,0,17,46,99,700
1455,1455,3,360,50,0,0,0,66,92,0
1456,1456,3,361,50,0,0,16,42,84,1100
1457,1457,3,362,50,0,0,0,50,103,1700
1458,1458,3,363,50,0,0,0,53,87,0
1459,1459,3,364,50,0,0,3,37,97,0
1460,1460,4,0,0,0,0,0,0,0,2200
1461,1461,4,1,26,0,0,0,0,26,900
1462,1462,4,2,36,0,0,0,0,45,2200
1463,1463,4,3,36,0,0,0,9,33,600
1464,1464,4,4,36,0,0,0,0,50,3000
1465,1465,4,5,38,0,0,0,14,65,2400
1466,1466,4,6,38,0,0,0,27,53,0
1467,1467,4,7,38,0,0,0,15,57,0
1468,1468,4,8,38,0,0,0,19,53,1200
1469,1469,4,9,38,0,0,0,15,57,1800
1470,1470,4,10,38,0,0,0,19,82,1500
1471,1471,4,11,48,0,0,0,44,88,1200
1472,1472,4,12,96,0,0,0,40,80,0
1473,1473,4,13,30,0,0,0,0,30,0
1474,1474,4,14,33,0,0,0,0,33,0
1475,1475,4,15,38,0,0,0,0,45,5500
1476,1476,4,16,42,0,0,0,7,35,1600
1477,1477,4,17,28,0,0,0,0,28,3500
1478,1478,4,18,26,0,0,0,0,26,1600
1479,1479,4,19,22,0,0,0,0,22,3500
1480,1480,4,20,27,0,0,0,0,27,0
1481,1481,4,21,40,0,0,0,0,40,0
1482,1482,4,22,47,0,0,0,0,47,0
1483,1483,4,23,27,0,0,0,0,27,5300
1484,1484,4,24,16,0,0,0,0,16,3000
1485,1485,4,25,43,0,0,0,0,43,0
1486,1486,4,26,22,0,0,0,0,22,1200
1487,1487,4,27,0,0,0,0,0,0,600
1488,1488,4,28,44,0,0,0,0,44,0
1489,1489,4,29,16,0,0,0,0,16,3900
1490,1490,4,30,21,0,0,0,0,21,3700
1491,1491,4,31,14,0,0,0,0,14,2400
1492,1492,4,32,5,0,0,0,0,5,4200
1493,1493,4,33,45,0,0,0,0,45,1100
1494,1494,4,34,13,0,0,0,0,29,0
1495,1495,4,35,59,0,0,0,16,77,0
1496,1496,4,36,57,0,0,0,18,39,0
1497,1497,4,37,13,0,0,0,0,17,7400
1498,1498,4,38,13,0,0,0,4,74,2000
1499,1499,4,39,13,0,0,0,61,94,6200
1500,1500,4,40,13,0,0,48,81,67,2300
1501,1501,4,41,13,0,35,68,67,83,0
1502,1502,4,42,13,22,55,67,83,84,110
1503,1503,4,43,13,42,67,83,84,85,4010
1504,1504,4,44,13,54,83,84,85,88,5970
1505,1505,4,45,13,70,84,85,88,99,6050
1506,1506,4,46,13,71,85,88,99,63,3455
1507,1507,4,47,13,72,88,99,63,92,2160
1508,1508,4,48,13,75,99,63,92,95,375
1509,1509,4,49,13,86,63,92,95,109,1430
1510,1510,4,50,91,50,92,95,109,90,250
1511,1511,4,51,66,1,54,109,90,111,5
1512,1512,4,52,55,0,44,79,111,84,0
1513,1513,4,53,55,0,24,100,84,72,0
1514,1514,4,54,55,0,45,53,72,96,0
1515,1515,4,55,55,0,0,62,96,84,0
1516,1516,4,56,55,0,7,41,84,78,0
1517,1517,4,57,55,0,0,36,71,56,0
1518,1518,4,58,55,0,0,16,37,92,0
1519,1519,4,59,91,0,0,0,53,85,0
1520,1520,4,60,33,0,0,0,0,38,1600
1521,1521,4,61,33,0,0,0,5,50,500
1522,1522,4,62,33,0,0,0,17,55,0
1523,1523,4,63,91,0,0,0,22,69,0
1524,1524,4,64,16,0,0,0,0,16,2400
1525,1525,4,65,28,0,0,0,0,28,2200
1526,1526,4,66,33,0,0,0,0,66,4400
1527,1527,4,67,33,0,0,0,33,79,4000
1528,1528,4,68,66,0,0,0,46,67,0
1529,1529,4,69,40,0,0,0,1,78,0
1530,1530,4,70,66,0,0,0,38,67,0
1531,1531,4,71,40,0,0,0,1,40,2800
1532,1532,4,72,13,0,0,0,0,25,5500
1533,1533,4,73,40,0,0,0,12,91,1400
1534,1534,4,74,66,0,0,0,51,57,0
1535,1535,4,75,40,0,0,0,0,92,0
1536,1536,4,76,40,0,0,0,52,42,0
1537,1537,4,77,40,0,0,12,2,98,0
1538,1538,4,78,40,0,0,0,70,50,0
1539,1539,4,79,40,0,0,30,10,106,4200
1540,1540,4,80,40,0,0,0,96,57,4200
1541,1541,4,81,40,0,0,56,17,83,3000
1542,1542,4,82,40,0,16,0,83,71,500
1543,1543,4,83,40,0,0,59,47,98,0
1544,1544,4,84,40,0,19,7,98,87,0
1545,1545,4,85,40,0,0,77,73,88,0
1546,1546,4,86,40,0,37,33,88,70,500
1547,1547,4,87,40,0,0,85,70,88,0
1548,1548,4,88,40,0,45,30,88,105,1100
1549,1549,4,89,40,5,0,88,105,65,25
1550,1550,4,90,40,0,53,70,65,100,0
1551,1551,4,91,40,13,30,65,100,83,65
1552,1552,4,92,40,0,38,100,83,93,1200
1553,1553,4,93,40,0,60,81,93,110,1300
1554,1554,4,94,40,20,41,93,110,91,3600
1555,1555,4,95,40,1,73,110,91,71,2405
1556,1556,4,96,40,33,71,91,71,109,165
1557,1557,4,97,40,31,84,71,109,109,155
1558,1558,4,98,40,44,62,109,109,67,220
1559,1559,4,99,40,22,109,109,67,87,3910
1560,1560,4,100,40,69,91,67,87,79,1445
1561,1561,4,101,40,51,67,87,79,105,2455
1562,1562,4,102,40,27,87,79,105,98,2135
1563,1563,4,103,40,47,66,105,98,73,235
1564,1564,4,104,40,26,105,98,73,91,130
1565,1565,4,105,91,65,84,73,91,93,325
1566,1566,4,106,91,0,47,91,93,61,0
1567,1567,4,107,91,0,0,49,61,73,0
1568,1568,4,108,40,0,0,0,31,89,0
1569,1569,4,109,40,0,0,0,49,98,1700
1570,1570,4,110,91,0,0,9,58,104,0
1571,1571,4,111,40,0,0,0,22,37,0
1572,1572,4,112,40,0,0,0,0,75,0
1573,1573,4,113,91,0,0,0,35,75,0
1574,1574,4,114,32,0,0,0,0,32,2400
1575,1575,4,115,40,0,0,0,0,49,3100
1576,1576,4,116,40,0,0,0,9,31,1300
1577,1577,4,117,7,0,0,0,0,7,5300
1578,1578,4,118,18,0,0,0,0,18,0
1579,1579,4,119,0,0,0,0,0,0,500
1580,1580,4,120,0,0,0,0,0,0,5100
1581,1581,4,121,0,0,0,0,0,0,6500
1582,1582,4,122,0,0,0,0,0,0,7600
1583,1583,4,123,2,0,0,0,0,2,5100
1584,1584,4,124,0,0,0,0,0,0,3300
1585,1585,4,125,0,0,0,0,0,0,800
1586,1586,4,126,5,0,0,0,0,5,1500
1587,1587,4,127,33,0,0,0,0,33,1400
1588,1588,4,128,40,0,0,0,0,50,3200
1589,1589,4,129,38,0,0,0,10,28,0
1590,1590,4,130,40,0,0,0,0,47,1900
1591,1591,4,131,40,0,0,0,7,40,0
1592,1592,4,132,30,0,0,0,0,30,0
1593,1593,4,133,54,0,0,0,0,60,0
1594,1594,4,134,33,0,0,0,6,27,1400
1595,1595,4,135,54,0,0,0,0,61,1800
1596,1596,4,136,43,0,0,0,7,36,1000
1597,1597,4,137,35,0,0,0,0,35,2000
1598,1598,4,138,23,0,0,0,0,23,2600
1599,1599,4,139,46,0,0,0,0,51,0
1600,1600,4,140,55,0,0,0,5,70,0
1601,1601,4,141,23,0,0,0,15,8,1800
1602,1602,4,142,53,0,0,0,0,53,0
1603,1603,4,143,25,0,0,0,0,25,3200
1604,1604,4,144,55,0,0,0,0,55,0
1605,1605,4,145,28,0,0,0,0,28,3300
1606,1606,4,146,50,0,0,0,0,50,0
1607,1607,4,147,2,0,0,0,0,2,1700
1608,1608,4,148,29,0,0,0,0,29,2500
1609,1609,4,149,42,0,0,0,0,42,2400
1610,1610,4,150,5,0,0,0,0,5,3100
1611,1611,4,151,8,0,0,0,0,14,3200
1612,1612,4,152,64,0,0,0,6,58,0
1613,1613,4,153,46,0,0,0,0,51,0
1614,1614,4,154,18,0,0,0,5,13,0
1615,1615,4,155,46,0,0,0,0,73,3000
1616,1616,4,156,46,0,0,0,27,49,2700
1617,1617,4,157,46,0,0,0,3,53,1800
1618,1618,4,158,36,0,0,0,7,29,1000
1619,1619,4,159,46,0,0,0,0,47,0
1620,1620,4,160,53,0,0,0,1,52,0
1621,1621,4,161,42,0,0,0,0,42,0
1622,1622,4,162,46,0,0,0,0,46,1500
1623,1623,4,163,49,0,0,0,0,49,2100
1624,1624,4,164,53,0,0,0,0,60,1200
1625,1625,4,165,12,0,0,0,7,5,4400
1626,1626,4,166,39,0,0,0,0,39,500
1627,1627,4,167,11,0,0,0,0,11,0
1628,1628,4,168,20,0,0,0,0,20,0
1629,1629,4,169,53,0,0,0,0,54,0
1630,1630,4,170,51,0,0,0,1,50,0
1631,1631,4,171,38,0,0,0,0,38,0
1632,1632,4,172,29,0,0,0,0,54,2500
1633,1633,4,173,29,0,0,0,25,25,2200
1634,1634,4,174,29,0,0,0,0,106,0
1635,1635,4,175,55,0,0,0,77,59,0
1636,1636,4,176,29,0,0,22,4,84,3600
1637,1637,4,177,29,0,0,0,77,99,2800
1638,1638,4,178,59,0,0,48,70,89,0
1639,1639,4,179,29,0,0,11,78,90,1700
1640,1640,4,180,29,0,0,49,72,86,0
1641,1641,4,181,29,0,20,43,86,74,0
1642,1642,4,182,29,0,14,77,74,91,0
1643,1643,4,183,29,0,48,59,91,94,1300
1644,1644,4,184,87,19,30,91,94,114,95
1645,1645,4,185,87,0,23,56,114,100,0
1646,1646,4,186,55,0,0,50,92,79,0
1647,1647,4,187,55,0,0,37,74,87,0
1648,1648,4,188,55,0,0,19,69,62,0
1649,1649,4,189,55,0,0,14,26,101,0
1650,1650,4,190,55,0,0,0,60,74,1000
1651,1651,4,191,50,0,0,5,19,56,1600
1652,1652,4,192,17,0,0,0,11,41,2900
1653,1653,4,193,50,0,0,0,24,102,0
1654,1654,4,194,50,0,0,0,52,64,0
1655,1655,4,195,50,0,0,2,14,95,0
1656,1656,4,196,50,0,0,0,47,50,0
1657,1657,4,197,39,0,0,0,0,92,3300
1658,1658,4,198,50,0,0,0,53,44,1200
1659,1659,4,199,29,0,0,3,0,103,2700
1660,1660,4,200,29,0,0,0,77,61,5400
1661,1661,4,201,29,0,0,48,32,85,1600
1662,1662,4,202,29,0,19,3,85,87,0
1663,1663,4,203,50,0,0,75,80,87,0
1664,1664,4,204,62,0,25,30,87,63,400
1665,1665,4,205,62,0,0,50,56,63,1500
1666,1666,4,206,62,0,0,0,51,70,0
1667,1667,4,207,40,0,0,0,8,78,0
1668,1668,4,208,29,0,0,0,38,55,2200
1669,1669,4,209,29,0,0,9,26,78,0
1670,1670,4,210,29,0,0,0,58,93,0
1671,1671,4,211,29,0,0,29,64,89,1800
1672,1672,4,212,29,0,0,35,89,63,2800
1673,1673,4,213,29,0,6,60,63,75,700
1674,1674,4,214,29,0,31,40,75,60,1000
1675,1675,4,215,29,2,11,75,60,93,2210
1676,1676,4,216,29,0,48,44,93,111,0
1677,1677,4,217,29,19,15,93,111,96,95
1678,1678,4,218,29,0,83,111,96,55,3000
1679,1679,4,219,75,54,82,96,55,95,270
1680,1680,4,220,55,7,75,55,95,78,35
1681,1681,4,221,40,20,7,95,78,74,1800
1682,1682,4,222,55,0,75,65,74,103,0
1683,1683,4,223,29,20,10,74,103,79,100
1684,1684,4,224,29,0,65,103,79,86,0
1685,1685,4,225,75,36,74,79,86,92,180
1686,1686,4,226,75,0,40,86,92,107,0
1687,1687,4,227,75,0,11,57,107,107,0
1688,1688,4,228,75,0,0,43,100,97,0
1689,1689,4,229,75,0,0,25,65,111,0
1690,1690,4,230,75,0,0,0,61,84,0
1691,1691,4,231,75,0,0,0,9,72,0
1692,1692,4,232,31,0,0,0,0,31,2000
1693,1693,4,233,24,0,0,0,0,24,4000
1694,1694,4,234,23,0,0,0,0,23,1900
1695,1695,4,235,29,0,0,0,0,39,1400
1696,1696,4,236,29,0,0,0,10,63,3000
1697,1697,4,237,29,0,0,0,34,89,0
1698,1698,4,238,29,0,0,5,60,84,0
1699,1699,4,239,29,0,0,31,60,94,4700
1700,1700,4,240,55,0,2,31,94,117,2400
1701,1701,4,241,55,0,0,41,95,55,400
1702,1702,4,242,40,0,0,40,41,78,1200
1703,1703,4,243,40,0,0,1,78,98,0
1704,1704,4,244,55,0,0,38,59,87,0
1705,1705,4,245,87,0,0,4,70,82,0
1706,1706,4,246,40,0,0,0,0,78,2200
1707,1707,4,247,50,0,0,0,38,73,2500
1708,1708,4,248,50,0,0,0,23,78,0
1709,1709,4,249,50,0,0,0,28,65,0
1710,1710,4,250,40,0,0,0,15,48,0
1711,1711,4,251,40,0,0,0,8,58,0
1712,1712,4,252,50,0,0,0,18,77,0
1713,1713,4,253,29,0,0,0,27,37,600
1714,1714,4,254,29,0,0,0,8,69,2500
1715,1715,4,255,29,0,0,0,40,57,4400
1716,1716,4,256,29,0,0,11,28,94,1500
1717,1717,4,257,29,0,0,0,76,77,0
1718,1718,4,258,29,0,0,47,48,96,0
1719,1719,4,259,29,0,18,19,96,83,0
1720,1720,4,260,29,0,0,85,83,110,3800
1721,1721,4,261,29,0,56,54,110,107,2400
1722,1722,4,262,87,27,25,110,107,115,135
1723,1723,4,263,87,0,50,72,115,105,0
1724,1724,4,264,50,0,0,78,105,77,1600
1725,1725,4,265,50,0,28,55,77,85,0
1726,1726,4,266,50,0,5,55,85,60,0
1727,1727,4,267,50,0,5,40,60,87,300
1728,1728,4,268,42,0,0,15,82,58,3400
1729,1729,4,269,42,0,0,40,31,75,1400
1730,1730,4,270,42,0,0,0,73,83,800
1731,1731,4,271,42,0,0,31,41,71,600
1732,1732,4,272,42,0,0,0,60,90,0
1733,1733,4,273,42,0,0,18,48,90,0
1734,1734,4,274,42,0,0,6,66,83,0
1735,1735,4,275,53,0,0,24,47,90,2300
1736,1736,4,276,53,0,0,0,61,108,1900
1737,1737,4,277,53,0,0,8,55,90,500
1738,1738,4,278,53,0,0,2,45,71,0
1739,1739,4,279,53,0,0,0,20,76,0
1740,1740,4,280,97,0,0,0,23,77,0
1741,1741,4,281,15,0,0,0,0,15,2400
1742,1742,4,282,23,0,0,0,0,23,4300
1743,1743,4,283,43,0,0,0,0,43,0
1744,1744,4,284,26,0,0,0,0,26,2300
1745,1745,4,285,52,0,0,0,0,59,0
1746,1746,4,286,52,0,0,0,7,45,0
1747,1747,4,287,15,0,0,0,0,15,0
1748,1748,4,288,23,0,0,0,0,23,1700
1749,1749,4,289,27,0,0,0,0,27,4400
1750,1750,4,290,37,0,0,0,0,37,2400
1751,1751,4,291,0,0,0,0,0,0,4900
1752,1752,4,292,33,0,0,0,0,33,0
1753,1753,4,293,7,0,0,0,0,7,0
1754,1754,4,294,30,0,0,0,0,30,0
1755,1755,4,295,52,0,0,0,0,55,1000
1756,1756,4,296,25,0,0,0,3,22,500
1757,1757,4,297,16,0,0,0,0,16,2500
1758,1758,4,298,37,0,0,0,0,37,1200
1759,1759,4,299,16,0,0,0,0,16,2900
1760,1760,4,300,28,0,0,0,0,28,0
1761,1761,4,301,12,0,0,0,0,12,400
1762,1762,4,302,5,0,0,0,0,5,2300
1763,1763,4,303,34,0,0,0,0,34,3800
1764,1764,4,304,41,0,0,0,0,41,0
1765,1765,4,305,22,0,0,0,0,22,1600
1766,1766,4,306,50,0,0,0,0,59,0
1767,1767,4,307,50,0,0,0,9,54,0
1768,1768,4,308,37,0,0,0,4,33,0
1769,1769,4,309,49,0,0,0,0,49,0
1770,1770,4,310,50,0,0,0,0,59,3100
1771,1771,4,311,50,0,0,0,9,46,900
1772,1772,4,312,38,0,0,0,0,38,2100
1773,1773,4,313,40,0,0,0,0,42,0
1774,1774,4,314,40,0,0,0,2,53,0
1775,1775,4,315,40,0,0,0,13,31,0
1776,1776,4,316,40,0,0,0,0,77,2000
1777,1777,4,317,40,0,0,0,37,37,3200
1778,1778,4,318,40,0,0,0,0,76,1800
1779,1779,4,319,40,0,0,0,36,49,1500
1780,1780,4,320,40,0,0,0,9,90,1100
1781,1781,4,321,40,0,0,0,50,62,0
1782,1782,4,322,40,0,0,10,22,106,0
1783,1783,4,323,40,0,0,0,76,64,300
1784,1784,4,324,40,0,0,36,24,89,0
1785,1785,4,325,40,0,0,0,85,91,1200
1786,1786,4,326,40,0,0,45,51,81,1300
1787,1787,4,327,40,0,5,11,81,113,1500
1788,1788,4,328,40,0,0,46,89,95,0
1789,1789,4,329,40,0,6,49,95,102,0
1790,1790,4,330,40,0,9,61,102,88,2200
1791,1791,4,331,40,0,21,71,88,83,2700
1792,1792,4,332,40,0,31,69,83,54,0
1793,1793,4,333,40,0,29,74,54,80,3400
1794,1794,4,334,40,0,34,43,80,84,0
1795,1795,4,335,40,0,3,74,84,109,0
1796,1796,4,336,40,0,34,47,109,72,0
1797,1797,4,337,40,0,7,103,72,90,0
1798,1798,4,338,40,0,63,39,90,103,1500
1799,1799,4,339,40,23,0,90,103,74,115
1800,1800,4,340,87,0,73,86,74,103,0
1801,1801,4,341,47,0,0,60,103,66,0
1802,1802,4,342,47,0,13,56,66,96,0
1803,1803,4,343,47,0,9,32,96,94,0
1804,1804,4,344,47,0,0,58,88,81,0
1805,1805,4,345,47,0,11,41,81,73,2000
1806,1806,4,346,47,0,0,45,73,88,0
1807,1807,4,347,47,0,0,26,86,81,0
1808,1808,4,348,47,0,0,39,60,55,0
1809,1809,4,349,47,0,0,13,47,69,0
1810,1810,4,350,47,0,0,0,35,77,0
1811,1811,4,351,47,0,0,0,30,87,0
1812,1812,4,352,47,0,0,0,40,59,1300
1813,1813,4,353,47,0,0,0,12,69,0
1814,1814,4,354,47,0,0,0,22,50,800
1815,1815,4,355,47,0,0,0,3,46,1800
1816,1816,4,356,47,0,0,0,0,58,0
1817,1817,4,357,47,0,0,0,11,38,0
1818,1818,4,358,47,0,0,0,0,70,0
1819,1819,4,359,47,0,0,0,23,29,3800
1820,1820,4,360,45,0,0,0,0,45,1300
1821,1821,4,361,47,0,0,0,0,53,0
1822,1822,4,362,47,0,0,0,6,57,0
1823,1823,4,363,32,0,0,0,10,22,0
1824,1824,4,364,41,0,0,0,0,41,0
